type,role,mac,rssi,rate,sig_mode,mcs,bandwidth,smoothing,not_sounding,aggregation,stbc,fec_coding,sgi,noise_floor,ampdu_cnt,channel,secondary_channel,local_timestamp,ant,sig_len,rx_state,real_time_set,real_timestamp,len,CSI_DATA
CSI_DATA,AP,A4:CF:12:8F:B7:74,-49,11,1,5,1,1,1,1,0,0,0,-96,1,4,1,78417766,0,84,0,0,78.5902,384,[84 -64 4 0 0 0 0 0 0 0 0 0 20 -10 20 -9 20 -8 21 -7 21 -7 20 -7 21 -6 20 -5 20 -5 20 -4 20 -4 20 -4 20 -3 20 -3 19 -3 19 -3 18 -3 18 -3 18 -3 18 -3 17 -2 17 03 13 10 13 10 13 10 12 11 12 11 11 11 12 11 11 11 12 11 11 12 11 12 11 12 10 12 10 0 0 0 0 0 0 0 0 0 0 ]
CSI_DATA,AP,A4:CF:12:8F:B7:74,-49,11,1,5,1,1,1,1,0,0,0,-96,1,4,1,78467372,0,84,0,0,78.6398,384,[84 -64 4 0 0 0 0 0 0 0 0 0 -11 18 -11 19 -12 18 -13 18 -13 17 -13 17 -13 16 -13 16 -13 15 -14 15 -14 15 -14 14 -14 14 -14 14 -14 13 -14 13 -14 13 -13 12 -13 13 -13 12 -13 12 -12 12 -12 11 -12 12 -12 11 -12 12 0 0 -11 12 -11 11 -11 12 -10 12 -10 12 -10 12 -9 12 -9 12 -8 12 -8 12 -8 12 -8 12 -8 12 -7 13 -7 13 -7 13 -7 13 -6 13 -6 13 -6 13 -6 13 -6 14 -5 13 -5 14 -5 14 -5 14 0 0 0 0 0 0 0 0 0 0 ]
CSI_DATA,AP,A4:CF:12:8F:B7:74,-49,11,1,5,1,1,1,1,0,0,0,-96,1,4,1,78477421,0,84,0,0,78.6499,384,[84 -64 4 0 0 0 0 0 0 0 0 0 -25 -2 -25 -3 -25 -3 -25 -4 -24 -5 -24 -5 -23 -6 -23 -6 -23 -7 -23 -6 -22 -7 -22 -7 -22 -7 -22 -7 -21 -7 -21 -7 -20 -7 -19 -7 -20 -7 -19 -7 -19 -7 -19 -7 -18 -6 -19 -6 -18 -6 -18 -5 0 0 -18 -5 -18 -4 -18 -4 -17 -3 -17 -3 -18 -3 -17 -3 -18 -2 -17 -2 -17 -1 -17 -1 -17 -1 -18 0 -17 0 -17 0 -17 1 -17 1 -17 2 -17 2 -17 2 -17 2 -17 2 -17 3 -17 4 -17 3 -16 4 0 0 0 0 0 0 0 0 0 0 ]
CSI_DATA,AP,A4:CF:12:8F:B7:74,-49,11,1,5,1,1,1,1,0,0,0,-96,1,4,1,78487457,0,84,0,0,78.6599,384,[84 -64 4 0 0 0 0 0 0 0 0 0 -18 13 -18 13 -18 12 -20 12 -19 10 -19 10 -19 9 -19 9 -19 9 -19 8 -19 9 -19 8 -19 8 -19 8 -19 7 -18 7 -18 7 -17 6 -18 6 -17 6 -17 6 -17 6 -16 6 -16 7 -16 7 -16 7 0 0 -15 7 -14 7 -15 8 -14 7 -14 8 -14 8 -14 8 -13 8 -13 8 -12 9 -12 9 -12 9 -12 10 -12 10 -11 10 -12 10 -11 10 -11 11 -11 10 -10 10 -10 11 -11 11 -10 11 -9 12 -9 12 -9 12 0 0 0 0 0 0 0 0 0 0 ]
CSI_DATA,AP,A4:CF:12:8F:B7:74,-49,11,1,5,1,1,1,1,0,0,0,-96,1,4,1,78498242,0,84,0,0,78.6707,384,[84 -64 4 0 0 0 0 0 0 0 0 0 20 -10 20 -10 20 -9 20 -8 21 -8 20 -7 20 -6 20 -6 20 -6 20 -5 20 -5 20 -4 20 -4 20 -4 19 -4 19 -4 18 -3 18 -4 18 -3 18 -3 17 -3 17 -4 17 -3 16 -4 16 -4 16 -4 0 0 15 -4 15 -5 15 -5 15 -6 14 -5 15 -6 14 -6 14 -6 14 -6 13 -7 13 -7 13 -7 13 -7 13 -8 13 -8 12 -9 13 -9 12 -9 12 -9 11 -9 12 -10 12 -10 12 -10 11 -10 11 -10 11 -10 0 0 0 0 0 0 0 0 0 0 ]
CSI_DATA,AP,A4:CF:12:8F:B7:74,-49,11,1,5,1,1,1,1,0,0,0,-96,1,4,1,78507093,0,84,0,0,78.6795,384,[84 -64 4 0 0 0 0 0 0 0 0 0 10 -20 11 -20 12 -20 12 -19 12 -18 12 -18 13 -17 13 -17 14 -17 14 -16 14 -16 14 -16 14 -15 14 -15 14 -15 14 -14 13 -14 13 -14 13 -14 13 -13 12 -13 13 -13 12 -13 11 -13 12 -13 11 -13 0 0 10 -13 10 -13 10 -13 9 -13 9 -13 9 -13 9 -13 8 -13 8 -13 7 -14 7 -14 7 -14 6 -14 6 -14 6 -14 6 -15 5 -15 5 -15 5 -15 5 -14 5 -15 4 -15 4 -15 3 -15 4 -15 3 -15 0 0 0 0 0 0 0 0 0 0 ]
CSI_DATA,AP,A4:CF:12:8F:B7:74,-49,11,1,5,1,1,1,1,0,0,0,-96,1,4,1,78516006,0,84,0,0,78.6885,384,[84 -64 4 0 0 0 0 0 0 0 0 0 19 -12 19 -11 19 -10 20 -10 20 -9 20 -9 20 -8 20 -8 20 -7 19 -6 20 -6 20 -6 20 -5 19 -5 19 -5 19 -5 18 -5 18 -5 18 -4 17 -4 17 -4 17 -5 17 -5 16 -5 17 -4 16 -5 0 0 15 -5 15 -5 15 -5 14 -6 14 -6 15 -6 14 -6 14 -7 14 -7 13 -7 13 -7 13 -7 13 -7 13 -8 13 -8 12 -9 13 -9 12 -9 12 -9 12 -10 12 -10 11 -10 12 -10 12 -10 12 -10 11 -10 0 0 0 0 0 0 0 0 0 0 ]
CSI_DATA,AP,A4:CF:12:8F:B7:74,-49,11,1,5,1,1,1,1,0,0,0,-96,1,4,1,78524886,0,84,0,0,78.6973,384,[84 -64 4 0 0 0 0 0 0 0 0 0 -19 13 -19 12 -20 12 -20 11 -21 10 -20 10 -20 9 -20 8 -20 8 -20 8 -20 7 -20 7 -20 7 -20 6 -20 6 -20 6 -19 6 -18 5 -18 5 -18 5 -18 5 -18 4 -17 5 -17 6 -17 5 -17 5 0 0 -16 6 -16 6 -16 6 -15 6 -15 6 -15 6 -15 6 -14 7 -15 6 -14 7 -14 8 -14 8 -14 8 -13 8 -13 8 -13 9 -13 9 -12 9 -13 9 -12 9 -12 9 -13 9 -12 10 -11 10 -12 10 -11 10 0 0 0 0 0 0 0 0 0 0 ]
CSI_DATA,AP,A4:CF:12:8F:B7:74,-49,11,1,5,1,1,1,1,0,0,0,-96,1,4,1,78534349,0,84,0,0,78.7068,384,[84 -64 4 0 0 0 0 0 0 0 0 0 2 22 2 22 1 22 0 23 -1 22 -1 22 -2 21 -2 21 -3 21 -2 20 -3 21 -3 20 -3 20 -3 20 -4 20 -4 19 -4 19 -4 18 -4 18 -4 18 -4 17 -4 17 -3 17 -3 17 -2 17 -2 17 0 0 -2 17 -2 16 -1 16 -1 16 -1 15 -1 16 -1 15 0 15 0 15 1 15 1 15 2 15 2 15 2 15 2 15 2 15 3 14 3 15 3 15 3 14 4 15 3 14 4 14 5 14 5 14 5 14 0 0 0 0 0 0 0 0 0 0 ]
CSI_DATA,AP,A4:CF:12:8F:B7:74,-49,11,1,5,1,1,1,1,0,0,0,-96,1,4,1,78544103,0,84,0,0,78.7165,384,[84 -64 4 0 0 0 0 0 0 0 0 0 -12 -24 -11 -23 -10 -24 -9 -24 -8 -24 -8 -24 -7 -24 -6 -24 -6 -24 -6 -24 -5 -24 -5 -24 -4 -23 -5 -23 -4 -23 -4 -22 -4 -22 -4 -22 -4 -21 -3 -21 -3 -21 -4 -20 -4 -20 -5 -20 -4 -20 -5 -19 0 0 -5 -19 -5 -18 -6 -18 -6 -18 -6 -18 -6 -17 -6 -17 -7 -17 -7 -17 -8 -17 -9 -17 -8 -15 -9 -15 -9 -16 -10 -16 -10 -15 -10 -15 -10 -15 -10 -15 -11 -15 -11 -14 -11 -14 -11 -14 -12 -14 -12 -14 -12 -13 0 0 0 0 0 0 0 0 0 0 ]
CSI_DATA,AP,A4:CF:12:8F:B7:74,-49,11,1,5,1,1,1,1,0,0,0,-96,1,4,1,78555120,0,84,0,0,78.7277,384,[84 -64 4 0 0 0 0 0 0 0 0 0 -5 -26 -5 -24 -4 -25 -4 -25 -3 -25 -2 -24 -1 -26 0 -25 0 -24 0 -24 0 -23 1 -24 1 -24 1 -23 2 -23 1 -23 1 -21 2 -22 1 -21 1 -21 1 -21 1 -21 1 -20 0 -20 1 -20 0 -20 0 0 0 -19 0 -19 -1 -18 -2 -19 -2 -18 -2 -18 -2 -18 -3 -18 -3 -18 -4 -18 -4 -18 -4 -17 -4 -17 -5 -17 -5 -17 -6 -17 -6 -17 -6 -17 -6 -17 -7 -17 -7 -17 -7 -17 -7 -17 -8 -16 -8 -16 -8 -16 0 0 0 0 0 0 0 0 0 0 ]
CSI_DATA,AP,A4:CF:12:8F:B7:74,-49,11,1,5,1,1,1,1,0,0,0,-96,1,4,1,78563727,0,84,0,0,78.7362,384,[84 -64 4 0 0 0 0 0 0 0 0 0 12 -20 12 -19 13 -19 14 -18 15 -18 14 -17 15 -17 15 -16 15 -16 15 -15 16 -15 16 -14 16 -14 15 -13 15 -14 15 -14 14 -13 14 -13 14 -13 14 -13 14 -12 13 -13 13 -12 13 -12 13 -12 12 -12 0 0 12 -12 11 -13 11 -12 10 -13 10 -13 10 -13 10 -13 9 -13 9 -13 8 -14 8 -14 8 -14 8 -14 8 -14 7 -15 6 -14 7 -15 6 -15 6 -15 5 -15 6 -15 5 -15 6 -16 5 -15 5 -15 5 -15 0 0 0 0 0 0 0 0 0 0 ]
CSI_DATA,AP,A4:CF:12:8F:B7:74,-49,11,1,5,1,1,1,1,0,0,0,-96,1,4,1,78574345,0,84,0,0,78.7468,384,[84 -64 4 0 0 0 0 0 0 0 0 0 12 18 12 18 11 19 10 19 10 19 9 19 9 19 8 19 8 19 7 19 6 20 6 19 6 19 6 19 6 18 6 19 6 18 5 17 5 17 5 17 5 17 5 16 5 16 5 16 5 16 5 15 0 0 6 15 6 15 6 14 7 14 7 13 7 13 7 13 7 13 8 13 8 13 8 13 8 12 8 12 9 12 9 12 9 11 10 11 10 11 10 11 10 10 10 11 10 10 11 10 11 10 10 10 11 10 0 0 0 0 0 0 0 0 0 0 ]
CSI_DATA,AP,A4:CF:12:8F:B7:74,-49,11,1,5,1,1,1,1,0,0,0,-96,1,4,1,78583467,0,84,0,0,78.7559,384,[84 -64 4 0 0 0 0 0 0 0 0 0 -11 20 -12 20 -12 19 -13 19 -13 18 -14 18 -14 17 -14 16 -15 16 -14 16 -15 16 -15 15 -15 15 -15 14 -15 14 -15 14 -14 13 -14 13 -14 13 -14 13 -14 13 -13 12 -13 12 -13 13 -13 12 -12 13 0 0 -12 12 -11 12 -11 13 -11 13 -11 12 -11 12 -10 12 -10 12 -9 13 -9 13 -9 14 -8 13 -8 13 -8 14 -8 14 -7 14 -7 14 -7 14 -7 14 -6 14 -7 14 -7 14 -6 14 -6 15 -5 15 -5 14 0 0 0 0 0 0 0 0 0 0 ]
CSI_DATA,AP,A4:CF:12:8F:B7:74,-49,11,1,5,1,1,1,1,0,0,0,-96,1,4,1,78593386,0,84,0,0,78.7659,384,[84 -64 4 0 0 0 0 0 0 0 0 0 23 0 22 0 23 1 23 2 22 2 21 3 22 3 21 4 21 4 21 5 21 5 20 5 20 5 19 6 19 6 19 5 18 5 18 5 18 5 18 5 17 5 17 5 17 5 17 4 17 4 16 4 0 0 16 3 16 3 16 3 16 2 16 2 16 2 15 2 16 1 15 1 15 0 16 0 15 0 15 0 15 -1 16 -1 15 -1 16 -2 15 -2 16 -2 15 -3 15 -2 15 -3 16 -3 15 -3 15 -3 15 -4 0 0 0 0 0 0 0 0 0 0 ]
CSI_DATA,AP,A4:CF:12:8F:B7:74,-49,11,1,5,1,1,1,1,0,0,0,-96,1,4,1,78603427,0,84,0,0,78.7759,384,[84 -64 4 0 0 0 0 0 0 0 0 0 22 5 22 6 21 7 22 8 20 8 20 9 19 9 19 10 19 10 18 10 18 10 18 10 18 10 18 10 17 11 17 10 16 10 16 10 16 10 15 10 15 10 15 10 14 9 15 8 15 8 15 8 0 0 15 8 14 7 15 7 14 6 14 6 15 6 15 6 14 6 15 6 14 5 15 4 15 4 15 4 16 4 15 3 15 3 15 3 15 3 15 3 15 2 15 3 15 2 15 1 15 1 15 1 15 1 0 0 0 0 0 0 0 0 0 0 ]
CSI_DATA,AP,A4:CF:12:8F:B7:74,-49,11,1,5,1,1,1,1,0,0,0,-96,1,4,1,78613437,0,84,0,0,78.7859,384,[84 -64 4 0 0 0 0 0 0 0 0 0 -23 -1 -23 -2 -24 -3 -24 -4 -23 -4 -23 -4 -22 -5 -22 -5 -22 -6 -21 -6 -21 -7 -21 -7 -21 -7 -20 -7 -20 -7 -20 -7 -19 -7 -19 -7 -19 -7 -19 -7 -18 -6 -18 -6 -18 -6 -18 -6 -18 -6 -17 -5 0 0 -17 -5 -17 -5 -17 -4 -17 -4 -17 -4 -17 -4 -17 -3 -17 -3 -17 -2 -17 -2 -17 -2 -17 -1 -17 -1 -17 -1 -17 -1 -17 -1 -17 0 -16 0 -16 0 -16 1 -16 1 -17 1 -17 1 -16 1 -16 1 -16 2 0 0 0 0 0 0 0 0 0 0 ]
CSI_DATA,AP,A4:CF:12:8F:B7:74,-49,11,1,5,1,1,1,1,0,0,0,-96,1,4,1,78623487,0,84,0,0,78.7959,384,[84 -64 4 0 0 0 0 0 0 0 0 0 -6 -21 -5 -21 -5 -21 -4 -21 -3 -21 -3 -20 -2 -20 -1 -21 -1 -20 -1 -20 -1 -20 0 -20 0 -19 0 -19 0 -19 1 -19 1 -18 1 -18 0 -18 1 -17 1 -17 1 -17 0 -17 0 -17 0 -17 0 -16 0 0 0 -16 -1 -16 -1 -16 -1 -16 -1 -15 -1 -15 -1 -15 -2 -15 -2 -15 -3 -15 -3 -15 -3 -14 -4 -14 -4 -14 -4 -15 -4 -14 -4 -15 -4 -14 -5 -14 -5 -14 -5 -14 -5 -14 -5 -14 -6 -14 -6 -14 -6 -13 0 0 0 0 0 0 0 0 0 0 ]
CSI_DATA,AP,A4:CF:12:8F:B7:74,-49,11,1,5,1,1,1,1,0,0,0,-96,1,4,1,78633454,0,84,0,0,78.8059,384,[84 -64 4 0 0 0 0 0 0 0 0 0 -20 12 -20 12 -21 11 -21 10 -21 10 -20 10 -21 9 -21 8 -21 8 -21 7 -21 7 -21 7 -21 6 -20 6 -20 6 -20 6 -19 6 -19 6 -19 5 -18 5 -19 5 -18 5 -17 6 -17 6 -17 6 -17 6 0 0 -16 6 -16 7 -16 7 -15 8 -15 7 -15 7 -15 7 -15 7 -14 8 -14 9 -14 9 -13 9 -13 10 -13 10 -13 10 -12 10 -12 11 -12 11 -12 11 -12 11 -12 11 -12 11 -11 11 -11 12 -11 12 -10 12 0 0 0 0 0 0 0 0 0 0 ]
CSI_DATA,AP,A4:CF:12:8F:B7:74,-49,11,1,5,1,1,1,1,0,0,0,-96,1,4,1,78643434,0,84,0,0,78.8159,384,[84 -64 4 0 0 0 0 0 0 0 0 0 -16 17 -16 16 -17 16 -17 15 -17 15 -17 14 -18 14 -18 13 -18 13 -18 12 -18 12 -19 12 -18 11 -18 11 -18 10 -18 10 -17 9 -17 10 -17 10 -17 9 -17 9 -16 9 -16 9 -15 9 -16 9 -15 9 0 0 -15 9 -14 10 -14 10 -14 10 -14 10 -13 10 -13 10 -12 10 -12 10 -12 11 -12 11 -12 11 -11 11 -11 11 -11 12 -10 12 -11 12 -10 12 -10 12 -10 12 -10 13 -10 12 -9 13 -9 13 -9 13 -9 13 0 0 0 0 0 0 0 0 0 0 ]
CSI_DATA,AP,A4:CF:12:8F:B7:74,-46,11,1,1,1,1,1,1,0,0,0,-96,1,4,1,78661766,0,84,0,0,78.8344,384,[84 -64 4 0 0 0 0 0 0 0 0 0 -3 21 -3 21 -3 21 -4 21 -5 20 -5 20 -6 19 -6 19 -7 19 -6 18 -7 19 -7 19 -7 18 -7 18 -8 17 -7 18 -7 17 -7 16 -7 16 -7 16 -7 16 -7 16 -7 15 -6 16 -6 16 -5 16 0 0 -5 15 -5 15 -5 16 -3 15 -4 15 -4 15 -4 15 -3 14 -3 15 -2 14 -1 15 -2 15 -1 15 0 15 -1 15 0 15 0 15 1 14 0 15 1 14 1 15 0 15 1 15 2 14 2 15 2 14 0 0 0 0 0 0 0 0 0 0 ]
CSI_DATA,AP,A4:CF:12:8F:B7:74,-48,11,1,5,1,1,1,1,0,0,0,-96,1,4,1,78663762,0,84,0,0,78.8406,384,[84 -64 4 0 0 0 0 0 0 0 0 0 14 3 13 3 14 3 13 4 13 5 13 5 13 5 12 5 12 5 12 6 12 6 12 6 11 7 11 6 11 6 11 6 10 6 10 5 10 5 10 5 10 5 10 5 10 5 10 5 10 5 9 5 0 0 9 4 10 4 10 4 9 3 9 3 10 3 9 3 9 2 10 2 9 2 10 2 10 2 10 2 10 1 10 1 9 1 10 0 9 0 10 0 9 0 10 0 9 0 10 -1 10 -1 10 0 9 0 0 0 0 0 0 0 0 0 0 0 ]
CSI_DATA,AP,A4:CF:12:8F:B7:74,-46,11,1,2,1,1,1,1,0,0,0,-96,1,4,1,78677259,0,84,0,0,78.8498,384,[84 -64 4 0 0 0 0 0 0 0 0 0 23 7 21 7 22 8 22 9 22 10 20 9 20 10 19 11 19 11 19 12 19 12 18 12 18 12 17 13 16 13 18 13 15 12 16 12 15 11 15 12 15 12 15 11 14 12 15 10 16 11 15 10 0 0 15 10 15 9 15 9 15 8 14 9 15 8 15 8 15 8 15 8 15 6 15 6 15 6 15 6 15 5 16 6 16 5 17 5 15 4 16 4 15 3 16 5 16 4 17 4 16 3 16 4 16 3 0 0 0 0 0 0 0 0 0 0 ]
CSI_DATA,AP,A4:CF:12:8F:B7:74,-49,11,1,5,1,1,1,1,0,0,0,-96,1,4,1,78683470,0,84,0,0,78.8559,384,[84 -64 4 0 0 0 0 0 0 0 0 0 -7 -22 -7 -22 -6 -22 -5 -23 -5 -23 -4 -22 -3 -22 -3 -22 -2 -22 -2 -22 -2 -22 -2 -22 -1 -21 -1 -21 0 -20 -1 -20 -1 -19 0 -20 -1 -19 0 -19 0 -19 0 -19 -1 -18 -1 -18 -1 -18 -1 -18 0 0 -1 -17 -2 -17 -2 -17 -3 -17 -2 -16 -2 -16 -2 -16 -3 -16 -3 -16 -4 -16 -5 -16 -4 -15 -5 -15 -5 -15 -5 -16 -5 -15 -5 -15 -6 -15 -6 -15 -6 -15 -6 -15 -6 -15 -7 -15 -8 -14 -7 -15 -7 -14 0 0 0 0 0 0 0 0 0 0 ]
CSI_DATA,AP,A4:CF:12:8F:B7:74,-49,11,1,5,1,1,1,1,0,0,0,-96,1,4,1,78695292,0,84,0,0,78.8677,384,[84 -64 4 0 0 0 0 0 0 0 0 0 -7 21 -7 21 -8 21 -9 20 -9 20 -10 20 -10 19 -10 19 -11 18 -10 18 -11 18 -11 18 -11 17 -11 16 -11 16 -11 16 -11 16 -10 15 -10 15 -10 15 -10 15 -10 15 -10 14 -9 15 -9 15 -9 14 0 0 -8 14 -8 14 -8 14 -7 14 -7 14 -7 14 -7 14 -6 14 -6 14 -5 14 -5 15 -4 15 -4 15 -4 15 -4 15 -3 15 -3 15 -3 15 -3 15 -3 15 -2 15 -3 15 -2 15 -1 15 -1 15 -1 15 0 0 0 0 0 0 0 0 0 0 ]
CSI_DATA,AP,A4:CF:12:8F:B7:74,-49,11,1,5,1,1,1,1,0,0,0,-96,1,4,1,78703435,0,84,0,0,78.8759,384,[84 -64 4 0 0 0 0 0 0 0 0 0 -22 6 -22 6 -22 5 -22 4 -22 4 -21 3 -22 3 -22 2 -22 2 -22 1 -21 1 -21 1 -21 0 -21 0 -20 0 -20 0 -19 0 -19 0 -19 0 -19 -1 -19 -1 -19 0 -18 0 -18 0 -18 0 -17 0 0 0 -17 1 -17 1 -17 1 -17 2 -16 2 -16 2 -16 2 -16 2 -16 3 -16 3 -16 4 -15 4 -16 4 -15 4 -15 5 -15 5 -15 5 -15 5 -15 5 -15 6 -15 5 -15 6 -15 6 -14 7 -14 7 -14 7 0 0 0 0 0 0 0 0 0 0 ]
CSI_DATA,AP,A4:CF:12:8F:B7:74,-49,11,1,5,1,1,1,1,0,0,0,-96,1,4,1,78713474,0,84,0,0,78.8859,384,[84 -64 4 0 0 0 0 0 0 0 0 0 -22 3 -23 2 -22 1 -23 0 -22 0 -23 0 -22 -1 -22 -1 -22 -2 -21 -2 -21 -2 -21 -2 -21 -2 -20 -3 -20 -3 -20 -3 -19 -3 -19 -3 -19 -3 -18 -3 -18 -3 -18 -3 -17 -2 -18 -2 -18 -2 -17 -1 0 0 -17 -1 -17 -1 -17 0 -16 0 -17 0 -16 0 -16 1 -16 1 -16 1 -16 2 -16 2 -16 3 -16 3 -16 3 -15 3 -15 4 -15 4 -15 4 -15 4 -15 5 -15 5 -15 5 -15 6 -14 6 -14 6 -14 6 0 0 0 0 0 0 0 0 0 0 ]
CSI_DATA,AP,A4:CF:12:8F:B7:74,-49,11,1,5,1,1,1,1,0,0,0,-96,1,4,1,78723368,0,84,0,0,78.8958,384,[84 -64 4 0 0 0 0 0 0 0 0 0 -11 -22 -11 -23 -10 -23 -9 -24 -9 -23 -8 -24 -7 -23 -7 -23 -6 -23 -6 -23 -6 -23 -5 -23 -5 -23 -4 -22 -4 -22 -4 -22 -4 -21 -4 -21 -4 -21 -4 -21 -4 -20 -4 -20 -4 -19 -4 -19 -4 -19 -4 -19 0 0 -5 -19 -5 -18 -5 -18 -6 -17 -6 -17 -6 -17 -6 -17 -7 -17 -7 -17 -7 -16 -8 -16 -8 -15 -8 -16 -9 -16 -9 -15 -9 -16 -9 -15 -10 -15 -10 -15 -10 -15 -10 -15 -10 -14 -11 -14 -11 -14 -11 -14 -11 -14 0 0 0 0 0 0 0 0 0 0 ]
CSI_DATA,AP,A4:CF:12:8F:B7:74,-49,11,1,5,1,1,1,1,0,0,0,-96,1,4,1,78732899,0,84,0,0,78.9054,384,[84 -64 4 0 0 0 0 0 0 0 0 0 11 -19 12 -19 12 -18 13 -18 13 -17 14 -17 14 -16 14 -16 15 -15 14 -15 15 -15 15 -14 15 -14 14 -13 15 -14 14 -13 14 -13 13 -12 14 -13 14 -12 13 -12 13 -12 12 -11 12 -12 12 -11 12 -12 0 0 12 -12 11 -11 11 -12 10 -12 11 -12 11 -12 10 -12 9 -12 9 -12 8 -12 9 -13 8 -13 8 -13 8 -13 8 -13 8 -14 8 -13 7 -14 7 -14 7 -14 7 -14 7 -14 6 -14 6 -14 6 -14 6 -14 0 0 0 0 0 0 0 0 0 0 ]
CSI_DATA,AP,A4:CF:12:8F:B7:74,-49,11,1,5,1,1,1,1,0,0,0,-96,1,4,1,78741928,0,84,0,0,78.9144,384,[84 -64 4 0 0 0 0 0 0 0 0 0 -6 23 -7 23 -8 23 -9 22 -9 22 -10 22 -10 21 -10 21 -11 21 -10 20 -11 20 -11 20 -11 19 -11 19 -11 19 -12 18 -11 18 -10 17 -11 18 -11 17 -10 17 -10 16 -9 16 -9 17 -9 16 -8 16 0 0 -8 16 -8 16 -7 16 -7 16 -6 16 -6 16 -6 16 -5 16 -6 16 -4 16 -4 16 -4 16 -4 16 -3 17 -3 16 -3 17 -2 16 -2 17 -2 17 -1 16 -1 17 -2 16 -1 16 0 17 0 16 0 17 0 0 0 0 0 0 0 0 0 0 ]
CSI_DATA,AP,A4:CF:12:8F:B7:74,-49,11,1,5,1,1,1,1,0,0,0,-96,1,4,1,78751453,0,84,0,0,78.9239,384,[84 -64 4 0 0 0 0 0 0 0 0 0 -10 22 -11 22 -11 21 -12 21 -13 20 -13 20 -13 19 -13 18 -14 19 -14 18 -14 18 -14 17 -15 16 -15 16 -14 16 -14 16 -14 16 -14 15 -14 15 -13 14 -13 15 -13 14 -13 14 -12 14 -12 14 -12 14 0 0 -11 14 -11 14 -10 14 -10 15 -10 14 -10 14 -9 14 -9 14 -9 14 -8 15 -8 15 -8 15 -7 15 -7 15 -7 15 -7 15 -6 16 -6 16 -6 16 -5 15 -5 16 -6 16 -5 16 -4 16 -5 16 -4 16 0 0 0 0 0 0 0 0 0 0 ]
CSI_DATA,AP,A4:CF:12:8F:B7:74,-49,11,1,5,1,1,1,1,0,0,0,-96,1,4,1,78761978,0,84,0,0,78.9346,384,[84 -64 4 0 0 0 0 0 0 0 0 0 -10 -22 -10 -23 -9 -23 -9 -24 -8 -23 -7 -23 -7 -23 -6 -23 -6 -23 -5 -22 -5 -23 -4 -23 -4 -22 -4 -22 -3 -22 -4 -22 -3 -21 -4 -21 -4 -21 -3 -20 -4 -20 -4 -20 -3 -19 -4 -19 -3 -19 -4 -19 0 0 -4 -18 -5 -17 -5 -17 -5 -17 -6 -17 -6 -17 -6 -16 -6 -16 -7 -16 -7 -16 -7 -16 -7 -16 -7 -15 -8 -15 -8 -15 -9 -15 -9 -15 -9 -15 -9 -15 -10 -15 -10 -14 -10 -14 -10 -14 -10 -14 -10 -14 -10 -14 0 0 0 0 0 0 0 0 0 0 ]
CSI_DATA,AP,A4:CF:12:8F:B7:74,-48,11,1,3,1,1,1,1,0,0,0,-96,1,4,1,78774483,0,84,0,0,78.9469,384,[84 -64 4 0 0 0 0 0 0 0 0 0 -20 -9 -20 -9 -20 -10 -20 -11 -19 -11 -18 -11 -18 -11 -17 -12 -17 -12 -17 -13 -17 -13 -16 -13 -16 -13 -15 -13 -15 -13 -16 -13 -14 -12 -15 -12 -14 -12 -15 -12 -14 -12 -14 -11 -14 -11 -14 -11 -14 -11 -14 -10 0 0 -14 -10 -14 -9 -14 -9 -14 -9 -14 -8 -14 -8 -14 -8 -14 -8 -14 -7 -15 -7 -14 -7 -14 -6 -14 -6 -14 -5 -15 -5 -15 -5 -15 -5 -15 -4 -15 -4 -15 -4 -15 -4 -15 -4 -16 -3 -15 -3 -15 -3 -15 -3 0 0 0 0 0 0 0 0 0 0 ]
CSI_DATA,AP,A4:CF:12:8F:B7:74,-49,11,1,5,1,1,1,1,0,0,0,-96,1,4,1,78780676,0,84,0,0,78.9541,384,[84 -64 4 0 0 0 0 0 0 0 0 0 16 -18 16 -17 17 -17 18 -16 18 -16 18 -15 19 -14 18 -13 19 -13 19 -13 19 -12 19 -12 19 -11 19 -11 19 -11 18 -11 17 -10 17 -11 17 -10 17 -10 17 -9 17 -10 16 -9 16 -10 16 -10 15 -10 0 0 15 -10 14 -10 14 -10 14 -11 13 -11 14 -11 13 -11 13 -11 12 -11 12 -12 12 -12 12 -12 12 -12 11 -12 11 -13 10 -13 11 -14 10 -14 10 -13 9 -14 10 -14 10 -14 10 -14 10 -14 9 -14 8 -14 0 0 0 0 0 0 0 0 0 0 ]
CSI_DATA,AP,A4:CF:12:8F:B7:74,-49,11,1,5,1,1,1,1,0,0,0,-96,1,4,1,78792220,0,84,0,0,78.9647,384,[84 -64 4 0 0 0 0 0 0 0 0 0 17 12 17 13 16 13 16 14 15 14 15 14 15 15 14 15 14 15 13 15 12 15 12 15 12 15 12 15 11 15 11 15 11 14 11 14 10 14 10 14 10 14 10 13 10 13 10 13 10 13 10 12 0 0 10 12 10 12 10 11 10 11 10 10 11 10 11 10 11 10 11 10 11 9 11 9 11 9 11 9 12 8 12 8 12 8 13 8 12 7 13 8 12 7 13 7 13 7 13 7 13 6 13 6 13 6 0 0 0 0 0 0 0 0 0 0 ]
CSI_DATA,AP,A4:CF:12:8F:B7:74,-49,11,1,5,1,1,1,1,0,0,0,-96,1,4,1,78800260,0,84,0,0,78.9727,384,[84 -64 4 0 0 0 0 0 0 0 0 0 -2 21 -3 22 -3 21 -4 21 -5 21 -5 21 -5 20 -6 20 -6 20 -6 19 -7 19 -7 19 -7 18 -7 18 -7 18 -7 18 -7 17 -7 16 -7 17 -7 16 -7 16 -7 16 -6 16 -6 16 -6 15 -5 15 0 0 -5 15 -5 15 -5 15 -4 15 -4 15 -4 15 -4 15 -3 14 -3 15 -2 14 -2 15 -2 15 -2 15 -1 15 -1 15 -1 15 -1 15 0 15 0 15 0 14 0 15 0 15 1 15 1 15 1 15 1 14 0 0 0 0 0 0 0 0 0 0 ]
CSI_DATA,AP,A4:CF:12:8F:B7:74,-49,11,1,5,1,1,1,1,0,0,0,-96,1,4,1,78809495,0,84,0,0,78.9819,384,[84 -64 4 0 0 0 0 0 0 0 0 0 -12 -19 -12 -20 -11 -20 -10 -21 -9 -20 -9 -20 -8 -20 -7 -20 -7 -21 -7 -20 -6 -20 -6 -20 -6 -20 -6 -20 -5 -20 -5 -19 -5 -19 -5 -18 -5 -18 -5 -18 -5 -18 -5 -18 -5 -17 -5 -17 -5 -17 -5 -17 0 0 -5 -16 -5 -16 -6 -16 -6 -15 -6 -15 -6 -15 -6 -15 -7 -14 -7 -15 -7 -14 -8 -14 -8 -14 -8 -14 -8 -14 -8 -13 -9 -13 -9 -13 -9 -13 -9 -13 -9 -13 -9 -13 -10 -12 -10 -12 -10 -12 -10 -12 -10 -12 0 0 0 0 0 0 0 0 0 0 ]
CSI_DATA,AP,A4:CF:12:8F:B7:74,-49,11,1,5,1,1,1,1,0,0,0,-96,1,4,1,78819220,0,84,0,0,78.9917,384,[84 -64 4 0 0 0 0 0 0 0 0 0 -19 -16 -19 -17 -18 -17 -17 -19 -17 -18 -16 -18 -16 -19 -14 -19 -14 -19 -14 -19 -14 -19 -13 -19 -13 -19 -12 -19 -12 -19 -12 -18 -12 -18 -12 -18 -11 -18 -11 -18 -11 -17 -11 -17 -11 -16 -11 -16 -11 -16 -11 -16 0 0 -11 -15 -11 -14 -12 -14 -12 -14 -12 -14 -12 -14 -12 -13 -13 -13 -13 -13 -13 -12 -13 -12 -13 -11 -14 -11 -14 -11 -14 -11 -14 -11 -14 -10 -15 -10 -14 -10 -14 -10 -15 -10 -15 -9 -15 -9 -16 -9 -15 -9 -15 -8 0 0 0 0 0 0 0 0 0 0 ]
CSI_DATA,AP,A4:CF:12:8F:B7:74,-49,11,1,5,1,1,1,1,0,0,0,-96,1,4,1,78828386,0,84,0,0,79.0009,384,[84 -64 4 0 0 0 0 0 0 0 0 0 -6 -22 -6 -22 -5 -22 -4 -23 -4 -22 -4 -22 -3 -22 -2 -21 -2 -21 -2 -21 -1 -21 -1 -21 -1 -21 -1 -20 0 -21 0 -20 0 -19 0 -19 -1 -19 0 -19 0 -18 0 -18 -1 -18 -1 -17 -1 -18 -1 -18 0 0 -2 -17 -2 -16 -2 -16 -3 -16 -3 -16 -3 -16 -3 -16 -4 -15 -4 -16 -4 -15 -5 -15 -5 -15 -5 -15 -6 -15 -6 -15 -6 -15 -6 -15 -7 -15 -7 -14 -7 -14 -7 -14 -7 -14 -7 -14 -8 -14 -8 -14 -8 -14 0 0 0 0 0 0 0 0 0 0 ]
CSI_DATA,AP,A4:CF:12:8F:B7:74,-49,11,1,5,1,1,1,1,0,0,0,-96,1,4,1,78838446,0,84,0,0,79.0109,384,[84 -64 4 0 0 0 0 0 0 0 0 0 22 10 21 11 21 12 20 13 20 13 19 13 19 13 18 14 18 14 17 14 17 14 17 14 16 15 16 15 16 14 16 15 15 14 15 13 14 13 15 13 14 13 14 12 13 12 14 12 14 12 14 12 0 0 14 11 14 10 14 10 14 10 14 9 14 9 14 9 14 8 15 8 14 8 14 8 15 7 15 7 15 6 15 6 15 6 16 5 16 5 16 5 15 5 16 5 16 5 16 4 16 4 16 4 16 4 0 0 0 0 0 0 0 0 0 0 ]
CSI_DATA,AP,A4:CF:12:8F:B7:74,-50,11,1,6,1,1,1,1,0,0,0,-96,1,4,1,78848345,0,84,0,0,79.0208,384,[84 -64 4 0 0 0 0 0 0 0 0 0 -8 22 -8 22 -9 22 -10 22 -11 21 -11 21 -11 20 -11 20 -12 19 -12 19 -12 19 -12 19 -13 18 -12 18 -12 18 -13 18 -12 17 -12 16 -12 17 -12 16 -11 16 -11 15 -10 16 -10 15 -10 15 -10 16 0 0 -9 15 -9 15 -8 16 -8 15 -8 15 -7 15 -7 15 -7 16 -6 15 -6 16 -5 16 -6 16 -5 16 -5 16 -4 16 -3 16 -4 16 -3 16 -3 16 -3 16 -2 16 -2 16 -2 16 -1 16 -1 16 -1 16 0 0 0 0 0 0 0 0 0 0 ]
CSI_DATA,AP,A4:CF:12:8F:B7:74,-50,11,1,6,1,1,1,1,0,0,0,-96,1,4,1,78860151,0,84,0,0,79.0327,384,[84 -64 4 0 0 0 0 0 0 0 0 0 -5 -22 -4 -22 -3 -22 -3 -22 -3 -23 -2 -21 -2 -22 -1 -21 -1 -21 0 -21 0 -21 1 -21 1 -20 1 -20 1 -19 1 -20 1 -19 1 -19 1 -18 1 -19 1 -18 1 -18 0 -18 1 -17 0 -17 0 -17 0 0 -1 -16 -1 -16 -1 -16 -2 -17 -2 -16 -2 -16 -2 -16 -3 -15 -3 -16 -3 -16 -4 -15 -4 -15 -4 -15 -4 -14 -5 -15 -5 -15 -5 -15 -5 -15 -6 -15 -6 -15 -6 -14 -6 -14 -6 -15 -7 -14 -7 -14 -7 -14 0 0 0 0 0 0 0 0 0 0 ]
CSI_DATA,AP,A4:CF:12:8F:B7:74,-48,11,1,4,1,1,1,1,0,0,0,-96,1,4,1,78871709,0,84,0,0,79.0442,384,[84 -64 4 0 0 0 0 0 0 0 0 0 5 21 5 21 4 21 3 22 2 21 2 21 1 21 1 20 0 20 0 20 0 20 0 20 0 19 0 19 -1 19 -1 19 -1 19 -1 17 -1 18 -1 18 -1 17 -1 17 -1 16 0 16 0 17 0 16 0 0 0 16 1 16 1 16 1 15 1 15 2 15 1 15 2 14 2 15 3 14 4 14 4 14 4 14 4 14 4 14 5 14 5 14 6 13 5 14 5 13 6 13 5 13 6 13 7 12 7 13 7 12 0 0 0 0 0 0 0 0 0 0 ]
CSI_DATA,AP,A4:CF:12:8F:B7:74,-48,11,1,4,1,1,1,1,0,0,0,-96,1,4,1,78882494,0,84,0,0,79.055,384,[84 -64 4 0 0 0 0 0 0 0 0 0 -5 -25 -4 -25 -4 -24 -3 -26 -2 -25 -1 -24 -1 -24 0 -24 1 -24 1 -23 1 -24 2 -23 2 -23 2 -23 2 -22 2 -22 2 -21 2 -21 2 -21 2 -21 2 -20 2 -20 2 -20 1 -19 1 -20 1 -19 0 0 0 -19 0 -18 -1 -18 -1 -18 -1 -18 -1 -18 -1 -18 -2 -18 -2 -18 -3 -17 -4 -17 -3 -17 -4 -17 -4 -17 -4 -17 -5 -17 -5 -17 -6 -17 -6 -17 -6 -16 -6 -17 -6 -16 -7 -16 -7 -16 -7 -16 -7 -16 0 0 0 0 0 0 0 0 0 0 ]
CSI_DATA,AP,A4:CF:12:8F:B7:74,-50,11,1,6,1,1,1,1,0,0,0,-96,1,4,1,78888530,0,84,0,0,79.0616,384,[84 -64 4 0 0 0 0 0 0 0 0 0 18 -13 18 -12 19 -11 19 -10 19 -10 19 -10 19 -9 19 -8 19 -8 19 -8 19 -8 19 -7 18 -7 18 -7 18 -6 18 -6 17 -6 17 -6 17 -6 17 -6 16 -6 16 -6 15 -6 15 -6 15 -6 15 -7 0 0 14 -7 14 -7 14 -7 13 -8 13 -7 13 -8 13 -8 13 -8 12 -8 12 -9 12 -9 12 -9 12 -9 12 -10 11 -10 11 -10 11 -10 10 -11 11 -11 10 -11 10 -11 10 -11 10 -11 9 -12 10 -12 9 -12 0 0 0 0 0 0 0 0 0 0 ]
CSI_DATA,AP,A4:CF:12:8F:B7:74,-50,11,1,6,1,1,1,1,0,0,0,-96,1,4,1,78900207,0,84,0,0,79.0726,384,[84 -64 4 0 0 0 0 0 0 0 0 0 0 -22 1 -23 2 -22 2 -22 3 -22 3 -22 4 -21 4 -21 5 -21 5 -20 5 -20 6 -20 6 -19 6 -19 6 -19 6 -19 6 -19 5 -18 6 -18 6 -18 6 -17 5 -17 5 -17 4 -17 5 -17 4 -16 0 0 4 -16 4 -16 3 -16 2 -16 3 -16 2 -16 2 -16 2 -16 1 -16 1 -16 0 -16 1 -16 0 -15 0 -16 0 -16 -1 -16 -1 -16 -1 -16 -1 -16 -2 -16 -2 -16 -2 -16 -2 -16 -3 -15 -3 -16 -3 -15 0 0 0 0 0 0 0 0 0 0 ]
CSI_DATA,AP,A4:CF:12:8F:B7:74,-50,11,1,6,1,1,1,1,0,0,0,-96,1,4,1,78907760,0,84,0,0,79.0802,384,[84 -64 4 0 0 0 0 0 0 0 0 0 -21 6 -22 5 -21 4 -23 4 -21 3 -22 3 -21 1 -21 2 -21 1 -20 1 -21 1 -21 1 -20 1 -20 1 -20 0 -19 0 -20 -1 -18 0 -19 0 -19 -1 -18 0 -18 -1 -17 1 -17 1 -18 1 -18 1 0 0 -17 1 -16 1 -17 1 -15 2 -16 2 -16 2 -16 2 -15 3 -15 3 -15 4 -15 4 -15 5 -15 5 -15 5 -14 4 -15 5 -14 5 -14 6 -14 6 -14 6 -14 7 -14 6 -13 7 -13 8 -13 8 -13 8 0 0 0 0 0 0 0 0 0 0 ]
CSI_DATA,AP,A4:CF:12:8F:B7:74,-50,11,1,6,1,1,1,1,0,0,0,-96,1,4,1,78917346,0,84,0,0,79.0898,384,[84 -64 4 0 0 0 0 0 0 0 0 0 -11 -22 -10 -21 -9 -21 -9 -25 -7 -24 -8 -23 -5 -23 -6 -23 -6 -23 -5 -23 -4 -23 -4 -23 -3 -22 -3 -22 -3 -22 -4 -21 -3 -21 -4 -21 -4 -21 -3 -20 -3 -20 -4 -20 -3 -19 -4 -19 -4 -19 -4 -19 0 0 -4 -18 -5 -18 -5 -17 -6 -18 -6 -17 -6 -17 -6 -16 -7 -16 -7 -16 -7 -16 -8 -16 -8 -15 -8 -15 -9 -15 -9 -15 -10 -15 -9 -15 -10 -15 -10 -15 -10 -14 -10 -14 -10 -14 -11 -14 -11 -14 -11 -14 -11 -13 0 0 0 0 0 0 0 0 0 0 ]
CSI_DATA,AP,A4:CF:12:8F:B7:74,-50,11,1,6,1,1,1,1,0,0,0,-96,1,4,1,78926934,0,84,0,0,79.0994,384,[84 -64 4 0 0 0 0 0 0 0 0 0 20 -8 20 -7 20 -6 21 -5 21 -5 21 -5 21 -4 20 -4 20 -3 20 -3 20 -3 20 -2 20 -2 19 -2 19 -2 19 -2 18 -1 18 -1 18 -2 17 -2 17 -2 17 -2 17 -2 16 -2 17 -2 16 -2 0 0 15 -3 15 -3 15 -3 15 -4 15 -4 15 -4 15 -4 14 -5 14 -5 14 -5 14 -6 13 -6 13 -6 14 -7 13 -7 13 -7 13 -7 13 -8 13 -8 12 -9 12 -8 12 -9 12 -9 12 -9 12 -9 12 -9 0 0 0 0 0 0 0 0 0 0 ]
CSI_DATA,AP,A4:CF:12:8F:B7:74,-50,11,1,6,1,1,1,1,0,0,0,-96,1,4,1,78936440,0,84,0,0,79.1089,384,[84 -64 4 0 0 0 0 0 0 0 0 0 -18 -13 -18 -14 -17 -14 -17 -15 -16 -16 -16 -15 -15 -15 -15 -16 -14 -16 -14 -16 -14 -16 -14 -16 -13 -16 -13 -16 -13 -16 -12 -16 -12 -16 -12 -15 -12 -15 -11 -15 -12 -15 -11 -14 -11 -14 -11 -13 -11 -13 -11 -13 0 0 -11 -13 -11 -12 -11 -12 -12 -12 -12 -11 -12 -11 -12 -11 -12 -10 -12 -10 -13 -10 -13 -10 -13 -9 -13 -9 -13 -9 -13 -9 -13 -9 -13 -8 -14 -8 -14 -8 -14 -8 -14 -8 -14 -7 -14 -7 -14 -7 -14 -7 -14 -6 0 0 0 0 0 0 0 0 0 0 ]
CSI_DATA,AP,A4:CF:12:8F:B7:74,-50,11,1,6,1,1,1,1,0,0,0,-96,1,4,1,78946127,0,84,0,0,79.1186,384,[84 -64 4 0 0 0 0 0 0 0 0 0 1 -22 1 -23 2 -22 3 -23 3 -21 4 -22 5 -21 5 -21 6 -20 5 -20 5 -20 6 -20 6 -19 6 -19 7 -19 6 -18 7 -18 6 -17 6 -18 7 -17 6 -17 6 -17 5 -16 5 -16 5 -16 5 -17 0 0 5 -16 4 -15 4 -16 3 -15 3 -16 3 -16 4 -15 3 -15 2 -15 2 -15 1 -15 1 -15 1 -16 1 -16 1 -15 0 -16 0 -15 0 -16 0 -16 -1 -16 -1 -16 -1 -16 -1 -15 -2 -16 -2 -16 -2 -15 0 0 0 0 0 0 0 0 0 0 ]
CSI_DATA,AP,A4:CF:12:8F:B7:74,-50,11,1,6,1,1,1,1,0,0,0,-96,1,4,1,78956508,0,84,0,0,79.1289,384,[84 -64 4 0 0 0 0 0 0 0 0 0 -20 14 -20 13 -21 12 -22 12 -21 11 -21 11 -21 10 -21 10 -21 9 -21 9 -21 9 -21 8 -21 8 -21 8 -21 7 -20 7 -20 7 -19 7 -20 7 -19 7 -19 7 -19 7 -18 7 -17 7 -18 7 -17 8 0 0 -16 8 -16 8 -16 8 -15 8 -15 8 -15 9 -15 9 -14 9 -14 9 -14 10 -14 10 -13 11 -13 11 -13 11 -13 11 -13 11 -12 11 -12 12 -12 12 -11 12 -11 12 -11 13 -11 13 -10 13 -10 13 -10 13 0 0 0 0 0 0 0 0 0 0 ]
CSI_DATA,AP,A4:CF:12:8F:B7:74,-50,11,1,6,1,1,1,1,0,0,0,-96,1,4,1,78966969,0,84,0,0,79.1395,384,[84 -64 4 0 0 0 0 0 0 0 0 0 -13 -18 -12 -19 -11 -19 -10 -19 -10 -20 -9 -20 -9 -20 -9 -20 -7 -20 -8 -19 -8 -19 -7 -19 -7 -19 -7 -19 -7 -19 -6 -19 -6 -18 -6 -18 -6 -17 -5 -18 -5 -17 -5 -17 -6 -16 -6 -16 -6 -16 -6 -16 0 0 -6 -15 -6 -15 -7 -15 -7 -14 -7 -14 -7 -15 -7 -14 -8 -14 -8 -14 -9 -13 -9 -13 -9 -12 -10 -12 -9 -12 -9 -12 -10 -12 -10 -12 -10 -12 -10 -12 -10 -12 -11 -11 -11 -12 -11 -11 -12 -10 -12 -10 -12 -10 0 0 0 0 0 0 0 0 0 0 ]
CSI_DATA,AP,A4:CF:12:8F:B7:74,-48,11,1,3,1,1,1,1,0,0,0,-96,1,4,1,78983658,0,84,0,0,79.1562,384,[84 -64 4 0 0 0 0 0 0 0 0 0 2 -22 3 -21 4 -21 4 -22 5 -21 5 -20 6 -20 6 -20 7 -20 7 -19 7 -19 7 -19 7 -19 8 -18 8 -17 8 -18 7 -17 7 -17 7 -16 7 -16 7 -16 7 -16 7 -15 6 -16 6 -16 6 -15 0 0 5 -16 5 -15 5 -15 4 -15 4 -15 4 -15 4 -15 3 -15 3 -15 2 -15 2 -15 2 -15 1 -15 1 -15 1 -15 0 -15 0 -15 0 -15 0 -15 -1 -15 -1 -15 -1 -15 -1 -15 -2 -15 -1 -15 -1 -15 0 0 0 0 0 0 0 0 0 0 ]
CSI_DATA,AP,A4:CF:12:8F:B7:74,-51,11,1,6,1,1,1,1,0,0,0,-96,1,4,1,78986504,0,84,0,0,79.1625,384,[84 -64 4 0 0 0 0 0 0 0 0 0 22 6 22 6 22 7 21 8 21 8 21 9 20 9 20 9 20 10 19 10 18 11 18 11 18 11 18 11 17 11 17 11 17 11 16 10 16 10 16 10 15 10 15 10 15 9 15 9 15 9 15 9 0 0 15 8 15 8 15 7 15 7 15 7 15 6 15 6 14 6 15 6 15 5 15 5 15 5 15 4 15 4 15 4 15 3 16 3 15 3 16 3 15 2 15 3 16 2 16 2 16 2 16 2 15 1 0 0 0 0 0 0 0 0 0 0 ]
CSI_DATA,AP,A4:CF:12:8F:B7:74,-50,11,1,6,1,1,1,1,0,0,0,-96,1,4,1,78996380,0,84,0,0,79.1688,384,[84 -64 4 0 0 0 0 0 0 0 0 0 12 -19 12 -18 13 -18 13 -17 14 -17 13 -16 14 -15 14 -15 15 -15 15 -14 15 -14 15 -13 15 -13 15 -13 15 -12 15 -12 14 -12 14 -12 14 -11 14 -11 13 -11 14 -11 13 -11 13 -11 13 -11 12 -11 0 0 12 -11 12 -11 11 -11 11 -11 11 -11 10 -11 10 -11 10 -12 10 -11 9 -12 9 -12 9 -12 9 -12 8 -12 9 -12 8 -13 8 -13 8 -13 8 -13 7 -13 7 -13 7 -13 7 -14 7 -13 7 -14 6 -14 0 0 0 0 0 0 0 0 0 0 ]
CSI_DATA,AP,A4:CF:12:8F:B7:74,-50,11,1,6,1,1,1,1,0,0,0,-96,1,4,1,79006378,0,84,0,0,79.1788,384,[84 -64 4 0 0 0 0 0 0 0 0 0 7 22 7 22 6 22 5 23 5 22 5 22 4 22 3 22 3 22 2 22 2 22 1 22 1 21 1 21 1 21 1 20 0 20 1 19 1 19 1 19 1 19 1 19 1 18 1 18 1 18 1 18 0 0 2 17 2 16 3 17 3 16 3 16 4 16 4 16 4 15 4 15 5 15 5 15 5 15 5 15 6 15 6 14 7 15 7 14 8 15 7 14 8 14 8 14 8 14 8 13 8 13 8 13 8 13 0 0 0 0 0 0 0 0 0 0 ]
CSI_DATA,AP,A4:CF:12:8F:B7:74,-50,11,1,6,1,1,1,1,0,0,0,-96,1,4,1,79016387,0,84,0,0,79.1888,384,[84 -64 4 0 0 0 0 0 0 0 0 0 -23 -9 -23 -9 -22 -10 -22 -11 -22 -11 -21 -12 -20 -12 -20 -12 -19 -13 -19 -13 -19 -13 -18 -13 -18 -13 -18 -13 -18 -13 -18 -13 -17 -13 -17 -12 -16 -12 -16 -12 -16 -12 -16 -12 -16 -11 -16 -11 -16 -11 -16 -11 0 0 -16 -10 -15 -10 -15 -9 -15 -9 -15 -8 -16 -8 -16 -8 -16 -7 -16 -7 -16 -7 -16 -6 -16 -6 -16 -6 -16 -5 -16 -5 -17 -5 -17 -5 -16 -5 -16 -4 -16 -3 -17 -4 -17 -4 -17 -3 -17 -2 -17 -2 -17 -2 0 0 0 0 0 0 0 0 0 0 ]
CSI_DATA,AP,A4:CF:12:8F:B7:74,-50,11,1,6,1,1,1,1,0,0,0,-96,1,4,1,79026055,0,84,0,0,79.1985,384,[84 -64 4 0 0 0 0 0 0 0 0 0 -14 17 -14 16 -15 16 -15 16 -16 15 -15 15 -16 13 -17 13 -16 13 -16 13 -16 12 -16 12 -16 12 -16 11 -16 11 -16 10 -16 11 -15 10 -15 10 -15 9 -15 10 -15 9 -14 9 -14 10 -14 10 -13 10 0 0 -13 10 -13 10 -12 10 -12 10 -12 10 -12 10 -12 10 -11 10 -11 11 -10 11 -10 11 -10 11 -9 12 -10 12 -9 11 -9 12 -8 12 -8 12 -9 12 -8 12 -8 12 -8 12 -8 12 -7 13 -7 13 -7 13 0 0 0 0 0 0 0 0 0 0 ]
CSI_DATA,AP,A4:CF:12:8F:B7:74,-50,11,1,6,1,1,1,1,0,0,0,-96,1,4,1,79035114,0,84,0,0,79.2076,384,[84 -64 4 0 0 0 0 0 0 0 0 0 -12 18 -12 17 -13 17 -14 17 -14 16 -14 16 -14 15 -14 15 -15 14 -15 14 -15 14 -15 13 -15 13 -15 12 -15 12 -15 12 -15 12 -14 12 -14 11 -14 11 -14 11 -13 11 -13 11 -13 11 -13 11 -13 11 0 0 -12 11 -12 11 -11 11 -11 11 -11 11 -11 11 -11 11 -10 11 -10 11 -10 12 -9 12 -9 12 -9 12 -8 12 -8 12 -8 12 -8 13 -7 13 -7 13 -7 13 -7 13 -7 13 -7 13 -7 13 -6 13 -6 13 0 0 0 0 0 0 0 0 0 0 ]
CSI_DATA,AP,A4:CF:12:8F:B7:74,-50,11,1,6,1,1,1,1,0,0,0,-96,1,4,1,79045357,0,84,0,0,79.2178,384,[84 -64 4 0 0 0 0 0 0 0 0 0 -14 16 -15 16 -15 15 -16 15 -16 14 -16 14 -16 13 -17 13 -16 13 -17 12 -17 11 -17 12 -17 11 -17 11 -16 11 -16 11 -16 10 -15 10 -15 10 -15 10 -15 10 -15 10 -14 9 -14 9 -14 10 -14 9 0 0 -13 10 -13 10 -13 10 -12 10 -12 10 -11 10 -11 10 -11 10 -10 11 -10 11 -10 11 -10 11 -10 12 -9 12 -9 12 -9 12 -9 12 -8 12 -8 12 -8 13 -7 12 -8 13 -7 13 -7 13 -7 13 -7 13 0 0 0 0 0 0 0 0 0 0 ]
CSI_DATA,AP,A4:CF:12:8F:B7:74,-50,11,1,6,1,1,1,1,0,0,0,-96,1,4,1,79056935,0,84,0,0,79.2293,384,[84 -64 4 0 0 0 0 0 0 0 0 0 1 23 -1 23 -1 23 -2 24 -3 23 -3 23 -3 23 -4 22 -4 22 -5 22 -5 22 -6 21 -6 21 -5 20 -6 20 -5 20 -6 20 -5 19 -5 19 -5 19 -5 18 -5 18 -5 18 -4 18 -4 17 -4 17 0 0 -3 17 -3 17 -2 17 -2 17 -2 17 -2 16 -1 16 -1 16 0 16 0 16 0 17 0 16 1 16 1 16 2 16 2 16 2 16 3 16 3 16 3 16 3 15 3 16 3 16 4 15 4 16 4 15 0 0 0 0 0 0 0 0 0 0 ]
CSI_DATA,AP,A4:CF:12:8F:B7:74,-49,11,1,5,1,1,1,1,0,0,0,-96,1,4,1,79069005,0,84,0,0,79.2416,384,[84 -64 4 0 0 0 0 0 0 0 0 0 -5 -23 -4 -24 -4 -23 -3 -25 -2 -23 -2 -24 -1 -23 -1 -23 0 -23 0 -23 1 -23 1 -22 1 -22 2 -21 2 -22 2 -21 2 -21 1 -20 1 -21 2 -20 1 -19 2 -19 1 -19 1 -19 1 -19 1 -19 0 0 0 -18 0 -17 0 -18 -1 -18 -1 -17 -1 -18 -1 -17 -2 -17 -2 -17 -3 -17 -3 -17 -3 -16 -3 -17 -4 -17 -4 -16 -4 -17 -4 -16 -5 -17 -5 -16 -6 -16 -5 -16 -6 -16 -6 -16 -6 -16 -6 -16 -6 -16 0 0 0 0 0 0 0 0 0 0 ]
CSI_DATA,AP,A4:CF:12:8F:B7:74,-50,11,1,6,1,1,1,1,0,0,0,-96,1,4,1,79075659,0,84,0,0,79.2482,384,[84 -64 4 0 0 0 0 0 0 0 0 0 21 -4 21 -3 21 -3 21 -2 21 -2 20 -1 20 -1 20 -1 20 0 20 1 20 1 19 1 19 1 19 1 19 1 19 1 18 1 18 1 17 1 17 1 17 1 17 1 16 1 16 0 16 0 16 0 0 0 16 -1 15 -1 15 -1 15 -2 15 -2 15 -2 15 -2 14 -3 14 -3 14 -4 14 -4 14 -4 14 -4 14 -4 14 -5 13 -6 14 -6 13 -6 13 -6 13 -7 13 -7 13 -7 13 -7 13 -7 13 -8 12 -7 0 0 0 0 0 0 0 0 0 0 ]
CSI_DATA,AP,A4:CF:12:8F:B7:74,-50,11,1,6,1,1,1,1,0,0,0,-96,1,4,1,79086141,0,84,0,0,79.2587,384,[84 -64 4 0 0 0 0 0 0 0 0 0 -20 -7 -21 -8 -19 -8 -21 -9 -19 -9 -19 -10 -19 -10 -18 -10 -18 -11 -17 -10 -18 -11 -17 -11 -17 -11 -17 -11 -17 -11 -15 -11 -16 -11 -15 -10 -15 -11 -15 -10 -15 -10 -15 -10 -14 -9 -14 -9 -14 -9 -15 -9 0 0 -15 -8 -14 -8 -15 -8 -14 -7 -14 -7 -14 -7 -14 -7 -14 -6 -14 -6 -14 -5 -15 -5 -15 -4 -15 -4 -15 -4 -14 -4 -15 -4 -14 -3 -15 -3 -15 -3 -15 -2 -15 -3 -16 -3 -15 -2 -15 -1 -15 -2 -15 -1 0 0 0 0 0 0 0 0 0 0 ]
CSI_DATA,AP,A4:CF:12:8F:B7:74,-50,11,1,6,1,1,1,1,0,0,0,-96,1,4,1,79096285,0,84,0,0,79.2687,384,[84 -64 4 0 0 0 0 0 0 0 0 0 -19 -11 -19 -12 -18 -13 -18 -13 -18 -13 -18 -13 -17 -14 -16 -14 -16 -14 -16 -14 -15 -14 -15 -15 -15 -15 -14 -14 -14 -15 -14 -14 -14 -14 -14 -13 -13 -13 -13 -13 -12 -13 -13 -13 -13 -12 -13 -12 -13 -12 -13 -12 0 0 -13 -11 -13 -10 -13 -10 -13 -10 -13 -10 -13 -9 -13 -9 -13 -9 -14 -8 -14 -8 -14 -8 -14 -7 -14 -7 -14 -7 -14 -7 -15 -6 -15 -6 -15 -6 -15 -6 -15 -5 -15 -5 -15 -5 -15 -5 -15 -4 -15 -4 -15 -4 0 0 0 0 0 0 0 0 0 0 ]
CSI_DATA,AP,A4:CF:12:8F:B7:74,-50,11,1,6,1,1,1,1,0,0,0,-96,1,4,1,79105065,0,84,0,0,79.2776,384,[84 -64 4 0 0 0 0 0 0 0 0 0 8 20 7 20 6 20 5 21 5 20 5 20 4 20 3 20 4 20 3 20 2 20 1 20 1 19 2 19 1 19 2 19 2 18 2 18 2 18 2 17 2 17 2 17 2 16 2 16 2 16 2 16 0 0 3 15 3 15 4 15 4 15 4 15 5 14 4 14 5 14 5 14 5 14 5 14 6 13 6 13 7 13 7 13 7 12 7 12 8 12 8 12 8 11 8 12 9 11 9 11 9 11 9 12 9 11 0 0 0 0 0 0 0 0 0 0 ]
CSI_DATA,AP,A4:CF:12:8F:B7:74,-50,11,1,6,1,1,1,1,0,0,0,-96,1,4,1,79114380,0,84,0,0,79.2868,384,[84 -64 4 0 0 0 0 0 0 0 0 0 12 17 12 18 10 18 10 19 9 18 10 19 8 19 8 19 8 19 7 18 7 19 7 18 6 18 6 18 6 18 6 17 6 18 5 16 6 17 5 16 5 16 5 16 5 15 6 15 6 15 6 15 0 0 6 14 6 14 7 14 7 13 7 13 7 13 7 13 7 12 8 12 8 12 8 12 9 12 9 11 9 12 9 11 10 11 9 11 10 11 10 11 10 10 10 10 10 10 10 10 11 9 11 9 11 9 0 0 0 0 0 0 0 0 0 0 ]
CSI_DATA,AP,A4:CF:12:8F:B7:74,-50,11,1,6,1,1,1,1,0,0,0,-96,1,4,1,79124440,0,84,0,0,79.2969,384,[84 -64 4 0 0 0 0 0 0 0 0 0 -19 -13 -18 -13 -18 -14 -17 -15 -17 -15 -17 -15 -16 -15 -15 -15 -14 -16 -14 -16 -14 -16 -14 -16 -13 -16 -13 -16 -13 -16 -13 -15 -13 -15 -12 -14 -12 -15 -12 -15 -11 -14 -11 -14 -11 -14 -11 -13 -12 -13 -12 -13 0 0 -12 -13 -12 -12 -12 -12 -12 -11 -12 -11 -12 -11 -12 -11 -12 -10 -12 -10 -13 -10 -13 -9 -13 -9 -13 -9 -13 -9 -13 -9 -14 -8 -13 -8 -14 -8 -14 -8 -14 -7 -14 -7 -14 -7 -14 -7 -14 -7 -14 -6 -14 -6 0 0 0 0 0 0 0 0 0 0 ]
CSI_DATA,AP,A4:CF:12:8F:B7:74,-50,11,1,6,1,1,1,1,0,0,0,-96,1,4,1,79134154,0,84,0,0,79.3066,384,[84 -64 4 0 0 0 0 0 0 0 0 0 -4 24 -5 23 -6 23 -7 23 -7 22 -7 22 -8 21 -8 21 -9 21 -9 21 -9 21 -9 20 -9 20 -9 20 -9 19 -9 19 -9 18 -9 18 -9 18 -9 17 -9 17 -9 18 -8 17 -8 17 -8 17 -8 16 0 0 -7 16 -6 16 -6 16 -5 16 -5 16 -5 16 -5 16 -4 16 -4 16 -3 16 -3 16 -3 16 -2 16 -2 16 -2 16 -1 16 -1 16 -1 16 -1 16 0 16 0 16 0 17 0 16 1 16 1 16 2 16 0 0 0 0 0 0 0 0 0 0 ]
CSI_DATA,AP,A4:CF:12:8F:B7:74,-50,11,1,6,1,1,1,1,0,0,0,-96,1,4,1,79144451,0,84,0,0,79.3169,384,[84 -64 4 0 0 0 0 0 0 0 0 0 -13 17 -14 17 -15 16 -16 16 -16 15 -16 14 -16 14 -16 13 -17 13 -17 13 -17 12 -17 12 -16 12 -16 11 -17 11 -16 11 -16 10 -15 10 -15 10 -15 10 -15 10 -15 10 -14 10 -14 10 -14 10 -14 10 0 0 -13 10 -13 10 -13 10 -12 10 -12 10 -12 10 -12 10 -12 10 -11 11 -10 11 -10 11 -10 11 -10 12 -10 12 -9 12 -9 12 -9 12 -9 12 -9 12 -8 12 -9 12 -8 12 -8 13 -7 13 -7 13 -7 13 0 0 0 0 0 0 0 0 0 0 ]
CSI_DATA,AP,A4:CF:12:8F:B7:74,-50,11,1,6,1,1,1,1,0,0,0,-96,1,4,1,79154390,0,84,0,0,79.3268,384,[84 -64 4 0 0 0 0 0 0 0 0 0 -18 13 -18 12 -18 12 -19 11 -19 11 -19 10 -19 10 -19 9 -20 9 -19 8 -19 8 -19 8 -19 7 -19 7 -19 7 -19 7 -18 7 -18 6 -17 6 -17 6 -17 6 -17 6 -16 6 -16 6 -16 6 -16 6 0 0 -15 7 -15 7 -15 7 -14 8 -14 7 -14 7 -14 8 -14 8 -13 8 -13 8 -13 9 -13 9 -12 9 -12 9 -12 9 -11 10 -11 10 -11 10 -11 10 -11 10 -11 11 -11 11 -11 11 -10 11 -10 11 -10 11 0 0 0 0 0 0 0 0 0 0 ]
CSI_DATA,AP,A4:CF:12:8F:B7:74,-50,11,1,6,1,1,1,1,0,0,0,-96,1,4,1,79167551,0,84,0,0,79.3401,384,[84 -64 4 0 0 0 0 0 0 0 0 0 19 13 19 14 18 14 18 15 17 15 17 15 16 16 16 16 15 16 15 16 15 16 14 16 14 16 13 16 13 16 13 16 13 16 13 15 12 15 12 15 12 15 12 14 11 14 12 13 12 14 12 13 0 0 12 12 12 12 12 12 12 11 12 11 12 11 12 11 12 10 13 10 13 9 13 10 13 9 13 8 14 8 13 8 14 8 14 8 14 7 14 7 14 7 14 7 14 7 15 6 15 6 15 6 14 6 0 0 0 0 0 0 0 0 0 0 ]
CSI_DATA,AP,A4:CF:12:8F:B7:74,-50,11,1,6,1,1,1,1,0,0,0,-96,1,4,1,79174692,0,84,0,0,79.3473,384,[84 -64 4 0 0 0 0 0 0 0 0 0 8 -21 9 -20 9 -20 10 -20 11 -19 11 -19 11 -18 11 -18 12 -18 12 -17 12 -17 12 -16 12 -16 12 -16 12 -16 12 -16 11 -15 11 -15 11 -14 11 -14 11 -14 11 -14 10 -14 10 -14 10 -14 9 -14 0 0 8 -14 8 -14 8 -14 7 -14 7 -14 7 -14 7 -14 6 -14 6 -14 5 -14 5 -15 5 -14 5 -15 4 -15 4 -15 4 -15 4 -15 3 -15 3 -15 3 -15 3 -15 2 -15 2 -15 1 -15 2 -15 1 -15 0 0 0 0 0 0 0 0 0 0 ]
CSI_DATA,AP,A4:CF:12:8F:B7:74,-49,11,1,5,1,1,1,1,0,0,0,-96,1,4,1,79191297,0,84,0,0,79.3638,384,[84 -64 4 0 0 0 0 0 0 0 0 0 -9 19 -9 19 -10 19 -11 19 -11 18 -12 18 -12 17 -12 16 -13 17 -12 16 -13 16 -13 16 -13 15 -13 14 -13 14 -13 14 -13 13 -12 13 -12 13 -12 13 -12 13 -12 13 -11 12 -11 12 -11 12 -11 12 0 0 -10 12 -10 12 -9 13 -9 12 -9 12 -8 12 -8 12 -8 12 -8 12 -7 13 -7 13 -7 13 -7 13 -7 13 -6 13 -6 13 -6 14 -5 13 -5 14 -5 13 -5 14 -5 14 -4 13 -4 14 -4 14 -4 14 0 0 0 0 0 0 0 0 0 0 ]
CSI_DATA,AP,A4:CF:12:8F:B7:74,-50,11,1,6,1,1,1,1,0,0,0,-96,1,4,1,79194472,0,84,0,0,79.3703,384,[84 -64 4 0 0 0 0 0 0 0 0 0 23 -6 23 -5 23 -4 23 -4 23 -3 23 -2 22 -2 22 -2 22 -1 22 0 22 0 22 1 21 1 21 1 21 1 21 1 20 1 20 1 20 1 19 1 19 1 19 1 18 1 18 1 18 1 18 0 0 0 17 0 17 0 17 0 17 -1 17 -1 17 -2 16 -2 16 -3 16 -3 16 -3 16 -3 16 -3 16 -3 16 -4 15 -4 15 -5 16 -5 16 -5 15 -5 15 -6 15 -5 15 -6 16 -6 15 -6 15 -6 14 -7 0 0 0 0 0 0 0 0 0 0 ]
CSI_DATA,AP,A4:CF:12:8F:B7:74,-50,11,1,6,1,1,1,1,0,0,0,-96,1,4,1,79204311,0,84,0,0,79.3768,384,[84 -64 4 0 0 0 0 0 0 0 0 0 19 15 18 14 18 16 17 16 17 16 16 16 16 16 15 17 15 17 14 17 14 17 14 17 13 17 13 17 13 16 13 17 12 16 12 16 12 15 12 16 11 15 11 15 11 14 12 14 11 14 12 13 0 0 11 12 12 13 12 12 12 12 12 11 13 11 12 10 13 10 13 10 13 10 13 9 13 9 13 9 14 8 14 8 14 8 14 8 14 7 15 7 14 6 15 7 15 6 15 6 15 6 15 6 15 5 0 0 0 0 0 0 0 0 0 0 ]
CSI_DATA,AP,A4:CF:12:8F:B7:74,-49,11,1,5,1,1,1,1,0,0,0,-96,1,4,1,79216406,0,84,0,0,79.3889,384,[84 -64 4 0 0 0 0 0 0 0 0 0 21 -2 21 -1 21 0 22 1 21 1 21 2 20 3 20 3 20 3 20 3 20 4 19 4 19 4 18 4 19 5 18 5 18 4 17 4 17 4 17 4 17 4 17 4 16 4 16 4 16 4 16 3 0 0 16 3 15 2 15 2 15 2 15 1 15 1 15 1 14 1 15 1 15 0 15 0 14 0 14 -1 15 -1 14 -1 14 -2 15 -2 14 -2 14 -2 14 -3 14 -2 14 -3 14 -3 14 -3 14 -3 14 -4 0 0 0 0 0 0 0 0 0 0 ]
CSI_DATA,AP,A4:CF:12:8F:B7:74,-50,11,1,6,1,1,1,1,0,0,0,-96,1,4,1,79224704,0,84,0,0,79.3971,384,[84 -64 4 0 0 0 0 0 0 0 0 0 -2 24 -3 24 -4 24 -4 24 -5 24 -5 23 -6 22 -6 22 -7 22 -7 22 -6 22 -7 22 -7 21 -7 20 -7 20 -8 20 -7 19 -7 19 -7 18 -7 19 -7 18 -7 18 -6 18 -6 18 -6 18 -5 17 0 0 -5 17 -5 17 -4 16 -4 17 -3 16 -3 16 -3 16 -2 16 -2 16 -2 17 -1 16 -1 16 0 16 0 16 0 16 0 16 1 16 1 16 1 17 1 16 2 16 2 16 2 16 3 16 3 16 3 16 0 0 0 0 0 0 0 0 0 0 ]
CSI_DATA,AP,A4:CF:12:8F:B7:74,-50,11,1,6,1,1,1,1,0,0,0,-96,1,4,1,79234416,0,84,0,0,79.4069,384,[84 -64 4 0 0 0 0 0 0 0 0 0 17 -14 18 -13 17 -12 19 -13 18 -11 18 -12 18 -10 19 -10 19 -9 18 -9 18 -9 19 -8 18 -8 18 -8 18 -8 17 -7 18 -7 17 -7 17 -7 17 -6 17 -6 16 -7 15 -6 15 -7 16 -7 15 -7 0 0 15 -7 14 -7 14 -8 13 -8 13 -8 13 -8 13 -8 13 -8 13 -9 12 -9 12 -9 12 -9 11 -9 12 -10 11 -10 11 -11 11 -10 11 -11 11 -10 11 -10 11 -11 10 -11 10 -11 9 -12 10 -12 9 -12 0 0 0 0 0 0 0 0 0 0 ]
CSI_DATA,AP,A4:CF:12:8F:B7:74,-50,11,1,6,1,1,1,1,0,0,0,-96,1,4,1,79244384,0,84,0,0,79.4168,384,[84 -64 4 0 0 0 0 0 0 0 0 0 -21 -14 -20 -15 -20 -16 -19 -16 -19 -17 -18 -17 -17 -18 -17 -18 -16 -18 -16 -18 -16 -18 -16 -18 -15 -18 -15 -18 -14 -17 -14 -18 -13 -17 -13 -17 -13 -16 -13 -16 -13 -16 -12 -16 -12 -15 -13 -15 -13 -15 -13 -14 0 0 -13 -14 -13 -14 -12 -13 -13 -13 -13 -12 -13 -12 -13 -12 -13 -12 -13 -11 -14 -11 -14 -11 -14 -10 -15 -10 -14 -10 -15 -10 -15 -9 -15 -9 -15 -9 -15 -9 -15 -9 -15 -9 -16 -8 -16 -7 -16 -7 -16 -7 -16 -7 0 0 0 0 0 0 0 0 0 0 ]
CSI_DATA,AP,A4:CF:12:8F:B7:74,-49,11,1,5,1,1,1,1,0,0,0,-96,1,4,1,79255808,0,84,0,0,79.4283,384,[84 -64 4 0 0 0 0 0 0 0 0 0 -22 6 -22 6 -22 5 -23 4 -22 3 -22 3 -22 2 -21 2 -21 1 -21 1 -21 1 -21 0 -21 0 -21 0 -20 0 -20 0 -19 -1 -19 -1 -19 -1 -19 -1 -19 -1 -18 -1 -18 -1 -18 0 -17 0 -18 0 0 0 -17 0 -16 1 -17 1 -16 1 -16 1 -16 1 -16 2 -16 2 -16 2 -15 3 -15 3 -15 3 -15 4 -15 4 -15 4 -15 4 -15 4 -15 5 -14 5 -14 5 -14 5 -15 5 -14 6 -14 6 -14 6 -14 6 0 0 0 0 0 0 0 0 0 0 ]
CSI_DATA,AP,A4:CF:12:8F:B7:74,-49,11,1,5,1,1,1,1,0,0,0,-96,1,4,1,79268992,0,84,0,0,79.4416,384,[84 -64 4 0 0 0 0 0 0 0 0 0 -21 -8 -21 -9 -21 -10 -20 -10 -20 -11 -19 -11 -19 -11 -18 -11 -18 -12 -18 -12 -18 -11 -18 -12 -17 -12 -17 -12 -16 -12 -16 -12 -15 -12 -15 -11 -15 -11 -15 -12 -15 -11 -15 -11 -14 -10 -15 -10 -15 -10 -15 -9 0 0 -15 -9 -14 -9 -15 -8 -14 -7 -14 -8 -15 -8 -14 -7 -15 -7 -14 -7 -15 -6 -15 -5 -15 -5 -15 -5 -15 -4 -15 -5 -15 -4 -15 -4 -15 -4 -15 -3 -15 -3 -15 -3 -16 -3 -16 -2 -16 -2 -15 -2 -15 -1 0 0 0 0 0 0 0 0 0 0 ]
CSI_DATA,AP,A4:CF:12:8F:B7:74,-50,11,1,6,1,1,1,1,0,0,0,-96,1,4,1,79274753,0,84,0,0,79.4488,384,[84 -64 4 0 0 0 0 0 0 0 0 0 -20 10 -20 10 -20 9 -21 8 -21 8 -20 8 -21 7 -21 6 -20 6 -21 5 -20 5 -20 5 -20 4 -20 4 -20 4 -20 4 -19 4 -19 3 -18 4 -18 3 -18 4 -18 4 -17 3 -17 4 -17 4 -17 4 0 0 -16 4 -16 5 -16 5 -15 5 -15 5 -15 5 -15 6 -15 6 -14 6 -14 6 -14 7 -14 7 -14 7 -13 8 -13 7 -13 8 -13 8 -13 8 -13 8 -12 9 -12 9 -13 9 -12 9 -12 9 -12 10 -12 10 0 0 0 0 0 0 0 0 0 0 ]
CSI_DATA,AP,A4:CF:12:8F:B7:74,-49,11,1,5,1,1,1,1,0,0,0,-96,1,4,1,79286662,0,84,0,0,79.4593,384,[84 -64 4 0 0 0 0 0 0 0 0 0 1 -25 1 -25 2 -24 3 -25 4 -24 3 -24 4 -24 5 -23 5 -23 5 -22 6 -22 6 -22 6 -21 6 -21 7 -21 6 -21 6 -20 6 -20 6 -20 6 -20 6 -19 5 -19 5 -18 5 -18 5 -18 4 -19 0 0 4 -18 3 -18 3 -18 3 -17 2 -18 2 -18 2 -17 1 -17 1 -17 0 -17 0 -17 0 -17 0 -17 -1 -17 -1 -17 -1 -17 -2 -17 -2 -17 -2 -17 -3 -17 -3 -17 -3 -17 -4 -17 -4 -17 -4 -17 -4 -17 0 0 0 0 0 0 0 0 0 0 ]
CSI_DATA,AP,A4:CF:12:8F:B7:74,-50,11,1,6,1,1,1,1,0,0,0,-96,1,4,1,79294521,0,84,0,0,79.467,384,[84 -64 4 0 0 0 0 0 0 0 0 0 -16 15 -17 15 -17 14 -18 14 -17 13 -18 13 -18 12 -18 11 -18 12 -18 11 -18 11 -18 10 -18 10 -18 9 -18 10 -17 9 -17 9 -16 9 -17 9 -16 9 -16 8 -16 8 -15 8 -15 8 -15 9 -15 9 0 0 -14 9 -13 9 -14 9 -13 9 -13 9 -12 9 -13 10 -12 10 -12 10 -11 10 -11 10 -11 11 -11 11 -11 11 -10 11 -10 12 -10 12 -9 12 -9 12 -9 12 -9 12 -9 12 -9 12 -8 13 -8 13 -8 13 0 0 0 0 0 0 0 0 0 0 ]
CSI_DATA,AP,A4:CF:12:8F:B7:74,-50,11,1,6,1,1,1,1,0,0,0,-96,1,4,1,79304479,0,84,0,0,79.4769,384,[84 -64 4 0 0 0 0 0 0 0 0 0 5 -22 6 -21 6 -22 7 -21 8 -21 8 -21 8 -21 8 -20 9 -20 9 -19 10 -19 10 -18 10 -18 10 -18 9 -17 9 -18 9 -17 9 -17 9 -17 9 -17 8 -16 8 -16 8 -16 8 -16 8 -16 7 -16 0 0 6 -15 6 -15 6 -15 6 -16 5 -15 5 -16 4 -16 4 -15 4 -15 3 -16 3 -16 3 -15 3 -15 2 -15 2 -16 1 -15 2 -16 1 -16 1 -16 0 -16 0 -16 0 -15 0 -16 -1 -16 -1 -16 -1 -16 0 0 0 0 0 0 0 0 0 0 ]
CSI_DATA,AP,A4:CF:12:8F:B7:74,-50,11,1,6,1,1,1,1,0,0,0,-96,1,4,1,79314452,0,84,0,0,79.4869,384,[84 -64 4 0 0 0 0 0 0 0 0 0 -22 -2 -23 -3 -22 -3 -23 -4 -22 -4 -22 -5 -21 -5 -21 -5 -21 -6 -21 -6 -21 -6 -20 -7 -20 -7 -20 -7 -19 -7 -19 -7 -19 -7 -18 -6 -18 -6 -18 -6 -18 -6 -18 -6 -17 -6 -17 -5 -17 -5 -17 -5 0 0 -17 -4 -16 -4 -16 -4 -16 -3 -16 -3 -16 -3 -16 -2 -16 -2 -16 -2 -16 -1 -16 -1 -16 0 -16 0 -16 0 -16 0 -16 1 -16 1 -16 1 -16 2 -16 2 -16 2 -16 2 -15 3 -15 3 -15 3 -15 3 0 0 0 0 0 0 0 0 0 0 ]
CSI_DATA,AP,A4:CF:12:8F:B7:74,-50,11,1,6,1,1,1,1,0,0,0,-96,1,4,1,79324350,0,84,0,0,79.4968,384,[84 -64 4 0 0 0 0 0 0 0 0 0 -2 -22 -2 -22 -1 -23 -1 -22 1 -22 1 -22 2 -22 2 -22 3 -21 3 -21 3 -21 4 -21 4 -20 3 -20 4 -19 4 -20 4 -19 3 -19 3 -19 4 -18 4 -18 3 -18 3 -18 3 -18 3 -17 2 -17 0 0 2 -17 1 -17 1 -16 1 -17 1 -16 1 -16 0 -16 0 -16 -1 -16 -1 -16 -2 -16 -2 -16 -2 -15 -2 -16 -2 -16 -3 -16 -3 -16 -3 -16 -3 -16 -4 -16 -4 -16 -4 -15 -4 -16 -5 -15 -5 -15 -5 -15 0 0 0 0 0 0 0 0 0 0 ]
CSI_DATA,AP,A4:CF:12:8F:B7:74,-50,11,1,6,1,1,1,1,0,0,0,-96,1,4,1,79334390,0,84,0,0,79.5068,384,[84 -64 4 0 0 0 0 0 0 0 0 0 2 -22 2 -23 4 -22 4 -22 5 -22 5 -22 6 -21 6 -21 6 -20 6 -20 7 -20 7 -20 7 -19 7 -19 7 -19 7 -18 7 -18 7 -18 7 -18 7 -17 7 -17 6 -17 6 -17 6 -16 6 -16 6 -16 0 0 5 -16 4 -16 4 -16 4 -16 4 -16 3 -16 3 -16 2 -15 2 -16 2 -16 2 -16 1 -15 1 -15 1 -16 1 -15 0 -16 0 -16 0 -16 0 -16 -1 -16 -1 -16 -1 -16 -1 -15 -2 -16 -2 -16 -2 -16 0 0 0 0 0 0 0 0 0 0 ]
CSI_DATA,AP,A4:CF:12:8F:B7:74,-50,11,1,6,1,1,1,1,0,0,0,-96,1,4,1,79344409,0,84,0,0,79.5168,384,[84 -64 4 0 0 0 0 0 0 0 0 0 -14 17 -15 17 -16 16 -17 16 -16 14 -17 15 -17 14 -17 14 -17 13 -17 12 -17 12 -17 11 -17 11 -17 11 -17 11 -17 10 -17 10 -16 10 -16 10 -16 10 -15 9 -15 9 -15 9 -15 9 -15 10 -14 9 0 0 -13 10 -13 9 -13 10 -12 10 -12 10 -12 10 -12 10 -11 10 -11 11 -11 11 -11 11 -11 11 -10 11 -10 12 -10 11 -10 12 -9 12 -9 12 -9 12 -9 12 -9 13 -9 12 -9 12 -8 13 -8 13 -8 13 0 0 0 0 0 0 0 0 0 0 ]
CSI_DATA,AP,A4:CF:12:8F:B7:74,-50,11,1,6,1,1,1,1,0,0,0,-96,1,4,1,79354421,0,84,0,0,79.5268,384,[84 -64 4 0 0 0 0 0 0 0 0 0 15 -17 15 -16 16 -15 16 -15 17 -14 16 -14 17 -13 17 -13 17 -12 17 -11 17 -11 17 -11 17 -10 17 -10 17 -10 17 -10 16 -9 16 -10 15 -9 16 -9 15 -9 15 -9 15 -9 14 -9 14 -9 14 -9 0 0 13 -9 13 -9 13 -9 13 -10 12 -10 12 -10 12 -10 12 -10 11 -10 11 -11 11 -11 11 -11 10 -11 10 -11 10 -12 9 -12 10 -12 9 -12 9 -12 9 -12 9 -12 9 -12 9 -13 8 -13 8 -13 8 -13 0 0 0 0 0 0 0 0 0 0 ]
CSI_DATA,AP,A4:CF:12:8F:B7:74,-50,11,1,6,1,1,1,1,0,0,0,-96,1,4,1,79365064,0,84,0,0,79.5375,384,[84 -64 4 0 0 0 0 0 0 0 0 0 -20 -15 -19 -15 -19 -16 -18 -17 -18 -17 -17 -17 -16 -17 -16 -18 -16 -17 -15 -18 -15 -18 -15 -18 -14 -18 -14 -18 -13 -17 -14 -17 -13 -17 -13 -17 -12 -16 -12 -16 -12 -16 -12 -16 -12 -15 -12 -15 -13 -15 -12 -15 0 0 -12 -14 -13 -13 -13 -13 -13 -13 -13 -12 -13 -12 -13 -12 -13 -11 -14 -11 -14 -11 -14 -10 -14 -10 -14 -10 -14 -9 -15 -9 -15 -9 -15 -9 -15 -8 -15 -8 -15 -8 -16 -8 -16 -7 -16 -8 -16 -7 -16 -7 -16 -7 0 0 0 0 0 0 0 0 0 0 ]
CSI_DATA,AP,A4:CF:12:8F:B7:74,-50,11,1,6,1,1,1,1,0,0,0,-96,1,4,1,79376461,0,84,0,0,79.549,384,[84 -64 4 0 0 0 0 0 0 0 0 0 20 -9 20 -9 20 -8 20 -7 21 -7 20 -7 20 -6 20 -6 20 -5 20 -4 20 -4 20 -4 20 -3 19 -3 19 -3 19 -3 18 -3 18 -3 18 -3 18 -3 17 -3 17 -3 17 -3 16 -3 16 -3 16 -4 0 0 15 -4 15 -4 15 -4 15 -5 14 -5 15 -5 14 -5 14 -6 14 -6 14 -6 13 -7 14 -7 13 -7 13 -8 13 -8 13 -8 13 -9 12 -9 12 -9 12 -9 12 -9 12 -9 12 -10 12 -10 12 -10 11 -10 0 0 0 0 0 0 0 0 0 0 ]
CSI_DATA,AP,A4:CF:12:8F:B7:74,-50,11,1,6,1,1,1,1,0,0,0,-96,1,4,1,79384703,0,84,0,0,79.5571,384,[84 -64 4 0 0 0 0 0 0 0 0 0 24 1 24 1 24 2 24 3 24 3 24 4 23 5 23 5 22 6 22 5 22 7 21 6 21 7 20 7 20 7 20 7 19 7 19 7 19 7 19 7 19 6 18 6 18 6 17 6 17 6 17 5 0 0 17 5 17 5 17 5 17 4 17 4 16 3 16 3 16 3 17 3 17 2 16 2 16 1 16 2 16 1 16 1 17 1 17 0 17 0 17 0 16 0 16 0 16 -1 16 -1 17 -1 16 -1 16 -1 0 0 0 0 0 0 0 0 0 0 ]
CSI_DATA,AP,A4:CF:12:8F:B7:74,-49,11,1,6,1,1,1,1,0,0,0,-96,1,4,1,79394328,0,84,0,0,79.5668,384,[84 -64 4 0 0 0 0 0 0 0 0 0 16 -2 16 -1 17 -1 16 0 16 0 16 1 15 1 15 2 15 2 15 2 15 2 15 3 14 2 15 3 14 2 14 2 13 2 13 2 14 2 13 2 13 3 13 2 12 2 12 2 12 2 12 2 0 0 12 1 11 1 11 1 11 0 12 0 12 0 11 0 11 -1 11 -1 11 -1 11 -1 11 -2 11 -2 11 -2 11 -2 11 -3 11 -3 11 -3 11 -3 11 -3 11 -3 11 -4 11 -3 11 -4 11 -4 10 -4 0 0 0 0 0 0 0 0 0 0 ]
CSI_DATA,AP,A4:CF:12:8F:B7:74,-50,11,1,6,1,1,1,1,0,0,0,-96,1,4,1,79403394,0,84,0,0,79.5758,384,[84 -64 4 0 0 0 0 0 0 0 0 0 16 14 15 15 14 16 14 16 14 16 13 16 13 17 12 17 12 17 11 17 11 17 11 17 10 17 10 17 9 17 10 16 9 16 9 16 9 16 9 16 8 15 9 15 9 14 8 14 8 14 9 14 0 0 9 13 9 13 9 13 9 12 9 12 10 12 10 12 10 11 10 11 10 11 10 11 10 10 11 10 11 10 11 10 11 9 12 9 12 9 12 9 12 9 12 9 12 8 12 8 12 8 12 8 12 8 0 0 0 0 0 0 0 0 0 0 ]
CSI_DATA,AP,A4:CF:12:8F:B7:74,-50,11,1,6,1,1,1,1,0,0,0,-96,1,4,1,79413180,0,84,0,0,79.5856,384,[84 -64 4 0 0 0 0 0 0 0 0 0 7 21 7 20 5 21 5 21 4 21 4 20 3 21 3 21 3 21 2 20 2 21 1 20 1 20 1 19 1 19 0 19 1 19 1 18 1 18 0 18 0 17 0 17 1 17 1 16 1 17 2 16 0 0 1 16 2 16 2 15 3 15 3 15 3 15 3 15 3 14 4 15 4 15 4 14 5 14 5 14 5 14 5 14 6 14 6 13 6 13 6 14 7 13 7 13 7 13 7 13 8 12 7 13 8 12 0 0 0 0 0 0 0 0 0 0 ]
CSI_DATA,AP,A4:CF:12:8F:B7:74,-50,11,1,6,1,1,1,1,0,0,0,-96,1,4,1,79423363,0,84,0,0,79.5958,384,[84 -64 4 0 0 0 0 0 0 0 0 0 22 2 21 3 21 4 21 4 21 4 21 5 21 5 20 5 20 6 20 7 19 7 19 8 18 7 18 7 17 7 18 8 17 7 17 7 17 7 17 6 16 6 16 6 16 6 15 6 15 6 16 5 0 0 15 5 15 4 15 4 15 4 15 3 15 3 15 3 15 2 15 2 15 2 15 2 15 1 15 2 14 1 15 0 14 0 15 0 15 0 15 -1 15 -1 15 -1 15 -2 15 -1 15 -2 15 -2 14 -2 0 0 0 0 0 0 0 0 0 0 ]
CSI_DATA,AP,A4:CF:12:8F:B7:74,-50,11,1,6,1,1,1,1,0,0,0,-96,1,4,1,79433413,0,84,0,0,79.6059,384,[84 -64 4 0 0 0 0 0 0 0 0 0 16 18 15 19 14 19 14 20 13 20 12 20 12 20 11 20 11 21 10 20 10 20 10 20 9 20 9 20 8 20 8 19 8 19 8 18 7 18 7 18 7 18 7 18 7 17 7 17 7 17 8 17 0 0 8 16 8 16 8 15 9 15 9 14 8 14 8 14 9 14 9 14 10 13 10 13 10 13 10 12 11 13 11 13 11 12 11 12 12 12 12 12 11 12 12 11 12 11 12 11 13 10 13 10 13 10 0 0 0 0 0 0 0 0 0 0 ]
CSI_DATA,AP,A4:CF:12:8F:B7:74,-50,11,1,6,1,1,1,1,0,0,0,-96,1,4,1,79443413,0,84,0,0,79.6159,384,[84 -64 4 0 0 0 0 0 0 0 0 0 -22 7 -22 6 -22 5 -22 5 -22 4 -22 3 -22 3 -22 2 -22 2 -22 2 -22 1 -21 1 -21 0 -21 0 -20 0 -20 0 -20 0 -19 0 -19 0 -19 0 -19 0 -19 0 -18 0 -18 0 -18 0 -18 1 0 0 -17 1 -17 1 -17 1 -16 2 -16 2 -16 2 -16 3 -16 3 -16 3 -16 3 -15 3 -15 4 -15 4 -15 4 -15 5 -15 5 -15 5 -15 5 -15 6 -14 6 -15 6 -14 6 -14 7 -14 7 -14 7 -14 7 0 0 0 0 0 0 0 0 0 0 ]
CSI_DATA,AP,A4:CF:12:8F:B7:74,-50,11,1,6,1,1,1,1,0,0,0,-96,1,4,1,79453465,0,84,0,0,79.6259,384,[84 -64 4 0 0 0 0 0 0 0 0 0 0 -26 0 -26 1 -25 2 -26 2 -25 3 -25 4 -24 3 -24 4 -24 5 -23 5 -23 6 -23 6 -23 6 -22 6 -22 7 -21 6 -21 6 -20 6 -20 6 -20 5 -20 5 -19 5 -19 5 -19 5 -19 4 -19 0 0 4 -19 4 -18 4 -18 3 -18 3 -18 3 -18 2 -18 1 -18 2 -18 1 -17 1 -18 1 -17 1 -17 0 -18 0 -17 -1 -18 -1 -18 -1 -18 -1 -18 -2 -18 -2 -18 -2 -18 -2 -18 -3 -18 -3 -18 -3 -18 0 0 0 0 0 0 0 0 0 0 ]
CSI_DATA,AP,A4:CF:12:8F:B7:74,-50,11,1,6,1,1,1,1,0,0,0,-96,1,4,1,79463474,0,84,0,0,79.6359,384,[84 -64 4 0 0 0 0 0 0 0 0 0 16 19 15 19 14 19 14 20 13 20 13 20 11 21 11 21 10 20 10 20 10 21 9 20 9 20 9 20 9 20 8 19 8 19 8 18 8 19 8 18 7 18 7 17 7 17 8 17 8 17 8 17 0 0 8 16 8 15 9 15 9 14 9 14 9 14 9 14 9 13 10 13 11 13 10 13 11 12 11 12 12 12 11 12 12 12 12 11 12 11 12 11 12 11 13 11 13 10 13 10 13 9 14 10 14 9 0 0 0 0 0 0 0 0 0 0 ]
CSI_DATA,AP,A4:CF:12:8F:B7:74,-50,11,1,6,1,1,1,1,0,0,0,-96,1,4,1,79474232,0,84,0,0,79.6468,384,[84 -64 4 0 0 0 0 0 0 0 0 0 14 16 14 17 13 17 12 18 12 18 12 18 11 18 10 18 10 18 9 18 9 18 8 18 8 18 8 18 7 17 7 18 7 17 7 17 7 16 7 16 6 16 6 16 6 16 6 15 6 15 7 15 0 0 7 14 7 14 7 14 7 14 7 13 8 13 8 13 8 12 8 12 8 12 8 12 9 12 9 11 9 11 9 12 10 11 10 11 10 10 10 11 10 10 10 10 10 10 11 10 11 10 11 10 11 10 0 0 0 0 0 0 0 0 0 0 ]
CSI_DATA,AP,A4:CF:12:8F:B7:74,-49,11,1,6,1,1,1,1,0,0,0,-96,1,4,1,79483669,0,84,0,0,79.6561,384,[84 -64 4 0 0 0 0 0 0 0 0 0 -14 6 -14 6 -14 6 -14 5 -15 5 -14 4 -14 4 -14 4 -14 3 -14 3 -14 2 -14 2 -14 2 -14 2 -14 2 -13 2 -13 2 -13 2 -13 2 -13 1 -12 1 -12 1 -12 1 -12 1 -12 2 -12 2 0 0 -11 2 -11 2 -11 2 -11 3 -11 3 -11 3 -10 3 -11 3 -10 3 -10 3 -10 4 -10 4 -10 4 -10 4 -10 4 -9 4 -10 4 -9 4 -9 5 -9 5 -9 5 -9 5 -9 5 -9 5 -9 5 -9 6 0 0 0 0 0 0 0 0 0 0 ]
CSI_DATA,AP,A4:CF:12:8F:B7:74,-49,11,1,5,1,1,1,1,0,0,0,-96,1,4,1,79496527,0,84,0,0,79.669,384,[84 -64 4 0 0 0 0 0 0 0 0 0 4 21 4 21 3 21 2 22 2 21 1 21 1 21 0 21 -1 21 -1 20 -1 20 -1 20 -2 20 -2 19 -2 20 -2 19 -2 18 -2 17 -2 18 -2 17 -2 17 -2 17 -2 16 -1 17 -2 17 -1 16 0 0 -1 16 -1 16 0 16 0 15 0 15 0 15 0 15 1 15 1 15 2 15 2 15 2 14 2 14 3 15 3 14 3 14 4 14 4 14 4 14 4 14 4 14 4 14 4 14 5 14 5 14 5 13 0 0 0 0 0 0 0 0 0 0 ]
CSI_DATA,AP,A4:CF:12:8F:B7:74,-50,11,1,6,1,1,1,1,0,0,0,-96,1,4,1,79503395,0,84,0,0,79.676,384,[84 -64 4 0 0 0 0 0 0 0 0 0 -22 -14 -21 -14 -21 -15 -20 -15 -20 -16 -19 -16 -19 -16 -18 -17 -18 -16 -17 -17 -17 -17 -16 -18 -15 -17 -15 -17 -15 -17 -15 -17 -15 -16 -15 -16 -14 -16 -15 -16 -14 -15 -14 -15 -13 -15 -13 -15 -14 -14 -13 -15 0 0 -13 -14 -14 -13 -14 -12 -14 -12 -14 -12 -14 -12 -14 -11 -15 -11 -14 -11 -15 -11 -15 -11 -15 -10 -15 -10 -15 -9 -15 -9 -16 -9 -16 -9 -16 -9 -16 -8 -16 -8 -16 -8 -16 -7 -16 -8 -16 -7 -16 -7 -16 -7 0 0 0 0 0 0 0 0 0 0 ]
CSI_DATA,AP,A4:CF:12:8F:B7:74,-50,11,1,6,1,1,1,1,0,0,0,-96,1,4,1,79514510,0,84,0,0,79.687,384,[84 -64 4 0 0 0 0 0 0 0 0 0 -23 -2 -23 -3 -23 -4 -23 -4 -22 -5 -22 -5 -22 -5 -21 -6 -21 -6 -21 -6 -21 -7 -20 -7 -20 -7 -20 -7 -20 -7 -19 -7 -19 -8 -18 -7 -18 -7 -18 -7 -18 -7 -18 -7 -17 -6 -17 -6 -17 -6 -17 -6 0 0 -17 -5 -16 -5 -17 -5 -16 -4 -17 -4 -16 -3 -17 -4 -16 -3 -16 -2 -16 -2 -16 -2 -16 -1 -16 -1 -17 -1 -16 -1 -17 0 -16 0 -16 0 -16 1 -16 0 -16 1 -16 1 -16 1 -16 1 -16 2 -16 2 0 0 0 0 0 0 0 0 0 0 ]
CSI_DATA,AP,A4:CF:12:8F:B7:74,-50,11,1,6,1,1,1,1,0,0,0,-96,1,4,1,79523548,0,84,0,0,79.696,384,[84 -64 4 0 0 0 0 0 0 0 0 0 20 9 20 10 19 10 19 11 18 11 18 12 18 12 17 12 17 13 16 13 16 13 15 13 15 13 15 13 14 13 14 13 14 13 14 12 14 12 13 12 13 12 13 12 13 11 13 11 13 11 12 11 0 0 13 10 13 10 13 9 13 9 13 8 13 9 13 8 13 8 13 7 13 7 14 7 13 6 14 6 14 6 14 6 14 5 14 5 15 5 14 5 14 5 14 5 14 4 15 4 15 4 14 4 15 3 0 0 0 0 0 0 0 0 0 0 ]
CSI_DATA,AP,A4:CF:12:8F:B7:74,-50,11,1,6,1,1,1,1,0,0,0,-96,1,4,1,79533402,0,84,0,0,79.7058,384,[84 -64 4 0 0 0 0 0 0 0 0 0 -23 -2 -23 -2 -23 -3 -23 -4 -22 -4 -23 -4 -22 -5 -22 -5 -21 -6 -21 -6 -21 -6 -21 -6 -20 -6 -20 -7 -20 -6 -20 -7 -19 -7 -19 -6 -19 -6 -18 -6 -18 -6 -18 -6 -18 -5 -17 -5 -17 -5 -17 -5 0 0 -17 -4 -17 -4 -17 -3 -16 -3 -17 -3 -17 -2 -16 -2 -16 -2 -16 -1 -16 -1 -16 -1 -16 0 -16 0 -16 1 -16 0 -16 1 -16 1 -16 1 -16 2 -16 2 -16 2 -16 2 -16 3 -16 3 -15 3 -15 3 0 0 0 0 0 0 0 0 0 0 ]
CSI_DATA,AP,A4:CF:12:8F:B7:74,-50,11,1,6,1,1,1,1,0,0,0,-96,1,4,1,79543361,0,84,0,0,79.7158,384,[84 -64 4 0 0 0 0 0 0 0 0 0 21 -7 21 -7 21 -5 22 -5 21 -4 22 -4 21 -3 21 -2 21 -2 20 -2 21 -2 21 -1 20 -1 20 -1 20 -1 20 0 19 -1 18 0 19 0 19 0 18 0 18 0 17 -1 17 -1 17 -1 17 -1 0 0 16 -1 16 -2 17 -2 15 -2 16 -3 15 -3 16 -3 15 -3 15 -3 14 -4 15 -5 15 -4 15 -5 15 -5 14 -5 14 -6 14 -6 14 -6 14 -6 14 -6 14 -7 14 -7 14 -7 13 -8 13 -8 13 -8 0 0 0 0 0 0 0 0 0 0 ]
CSI_DATA,AP,A4:CF:12:8F:B7:74,-49,11,1,5,1,1,1,1,0,0,0,-96,1,4,1,79554891,0,84,0,0,79.7273,384,[84 -64 4 0 0 0 0 0 0 0 0 0 20 -10 21 -10 20 -8 21 -8 21 -7 20 -7 21 -6 20 -5 21 -5 20 -5 20 -5 20 -4 20 -4 20 -4 20 -3 19 -3 19 -3 18 -3 18 -3 18 -2 17 -2 18 -3 17 -3 17 -4 17 -3 16 -4 0 0 16 -4 16 -4 16 -4 15 -5 15 -5 15 -5 15 -5 15 -6 14 -5 14 -6 14 -7 14 -7 14 -7 14 -7 13 -7 13 -8 13 -8 13 -9 13 -8 13 -9 13 -9 13 -9 13 -9 12 -10 12 -10 11 -10 0 0 0 0 0 0 0 0 0 0 ]
CSI_DATA,AP,A4:CF:12:8F:B7:74,-50,11,1,6,1,1,1,1,0,0,0,-96,1,4,1,79563387,0,84,0,0,79.7358,384,[84 -64 4 0 0 0 0 0 0 0 0 0 21 -7 22 -6 21 -5 22 -4 21 -4 22 -4 21 -3 21 -3 21 -2 21 -2 21 -1 20 -1 20 0 20 -1 20 0 19 0 19 0 18 0 19 0 18 0 18 0 18 0 17 -1 17 -1 17 0 17 -1 0 0 17 -1 16 -1 16 -1 15 -2 15 -2 16 -3 15 -3 15 -3 15 -3 15 -4 15 -4 15 -4 15 -4 15 -5 14 -5 14 -5 14 -5 14 -6 14 -6 14 -6 14 -7 14 -7 14 -7 14 -7 14 -7 13 -7 0 0 0 0 0 0 0 0 0 0 ]
CSI_DATA,AP,A4:CF:12:8F:B7:74,-50,11,1,6,1,1,1,1,0,0,0,-96,1,4,1,79572754,0,84,0,0,79.7454,384,[84 -64 4 0 0 0 0 0 0 0 0 0 18 -14 18 -13 18 -12 19 -12 19 -11 19 -12 19 -10 19 -10 19 -9 19 -9 19 -9 19 -9 19 -8 18 -8 19 -8 18 -7 18 -7 17 -7 17 -7 17 -6 17 -7 17 -7 16 -6 16 -7 16 -7 15 -7 0 0 15 -7 15 -7 15 -7 13 -8 14 -8 14 -8 13 -8 13 -9 13 -9 12 -9 12 -9 12 -9 12 -10 12 -10 12 -10 11 -11 12 -10 11 -11 11 -11 11 -11 10 -11 11 -11 10 -11 10 -12 10 -12 10 -12 0 0 0 0 0 0 0 0 0 0 ]
CSI_DATA,AP,A4:CF:12:8F:B7:74,-50,11,1,6,1,1,1,1,0,0,0,-96,1,4,1,79583373,0,84,0,0,79.7559,384,[84 -64 4 0 0 0 0 0 0 0 0 0 8 23 8 23 7 23 6 24 5 23 5 23 4 23 4 23 3 23 3 22 2 23 2 22 1 22 1 22 1 22 1 21 1 21 1 20 1 20 1 20 1 19 1 19 1 19 1 18 1 19 1 18 0 0 2 18 2 17 2 17 3 17 3 17 3 16 3 16 4 16 4 17 4 16 5 16 5 16 5 16 6 15 5 15 6 16 7 15 7 15 7 15 7 15 7 15 7 15 8 14 8 14 8 15 8 14 0 0 0 0 0 0 0 0 0 0 ]
CSI_DATA,AP,A4:CF:12:8F:B7:74,-48,11,1,3,1,1,1,1,0,0,0,-96,1,4,1,79597814,0,84,0,0,79.7703,384,[84 -64 4 0 0 0 0 0 0 0 0 0 -16 -17 -15 -17 -15 -18 -14 -18 -14 -19 -13 -18 -12 -19 -12 -18 -12 -19 -11 -19 -10 -19 -10 -19 -10 -19 -9 -19 -9 -18 -9 -19 -9 -17 -9 -17 -8 -17 -9 -17 -8 -17 -9 -16 -8 -16 -8 -16 -8 -16 -8 -16 0 0 -9 -15 -9 -14 -9 -14 -10 -14 -9 -14 -10 -14 -10 -13 -10 -13 -10 -13 -10 -12 -11 -12 -10 -12 -11 -12 -11 -11 -11 -11 -12 -11 -12 -11 -12 -11 -12 -10 -12 -10 -12 -10 -12 -10 -13 -10 -13 -9 -13 -10 -13 -9 0 0 0 0 0 0 0 0 0 0 ]
CSI_DATA,AP,A4:CF:12:8F:B7:74,-50,11,1,6,1,1,1,1,0,0,0,-96,1,4,1,79601745,0,84,0,0,79.7776,384,[84 -64 4 0 0 0 0 0 0 0 0 0 22 1 22 1 21 2 22 3 21 3 21 4 21 4 21 4 20 5 19 5 20 5 19 6 19 6 18 6 19 6 18 6 18 6 17 5 17 6 17 5 16 5 17 5 16 5 16 5 16 5 16 4 0 0 15 4 15 4 15 4 15 3 15 2 15 2 15 2 15 1 15 1 15 1 15 1 15 0 15 0 15 0 15 0 15 -1 15 -1 15 -1 15 -2 15 -2 15 -2 15 -2 15 -2 15 -3 15 -3 14 -3 0 0 0 0 0 0 0 0 0 0 ]
CSI_DATA,AP,A4:CF:12:8F:B7:74,-50,11,1,6,1,1,1,1,0,0,0,-96,1,4,1,79611415,0,84,0,0,79.7838,384,[84 -64 4 0 0 0 0 0 0 0 0 0 8 -24 9 -23 10 -23 10 -23 11 -23 11 -22 12 -21 12 -21 13 -21 13 -20 13 -20 13 -19 13 -19 13 -18 13 -18 13 -18 12 -17 12 -17 12 -17 12 -16 12 -16 12 -16 11 -16 11 -16 11 -16 10 -16 0 0 10 -15 9 -15 9 -15 9 -16 9 -16 9 -16 8 -16 8 -16 7 -16 6 -16 7 -16 6 -16 6 -16 6 -16 5 -17 5 -17 5 -17 5 -17 5 -17 4 -17 4 -17 4 -17 4 -17 3 -17 3 -17 3 -17 0 0 0 0 0 0 0 0 0 0 ]
CSI_DATA,AP,A4:CF:12:8F:B7:74,-50,11,1,6,1,1,1,1,0,0,0,-96,1,4,1,79624962,0,84,0,0,79.7974,384,[84 -64 4 0 0 0 0 0 0 0 0 0 22 0 22 1 22 2 22 2 21 2 21 3 21 3 21 3 21 4 20 4 20 5 19 5 19 5 19 5 19 5 19 5 18 5 17 4 17 5 17 4 17 4 17 4 16 4 16 4 16 4 16 3 0 0 16 3 16 2 16 2 15 1 15 1 16 1 15 1 15 0 15 0 15 0 15 0 15 -1 15 -1 15 -2 15 -2 15 -2 15 -3 15 -3 14 -3 15 -4 15 -4 14 -4 15 -4 14 -4 15 -5 14 -5 0 0 0 0 0 0 0 0 0 0 ]
CSI_DATA,AP,A4:CF:12:8F:B7:74,-50,11,1,6,1,1,1,1,0,0,0,-96,1,4,1,79631381,0,84,0,0,79.8038,384,[84 -64 4 0 0 0 0 0 0 0 0 0 -1 -25 -1 -25 0 -25 1 -25 2 -25 2 -25 3 -24 3 -24 4 -24 4 -23 4 -23 5 -23 5 -23 5 -22 5 -22 5 -22 5 -21 5 -21 5 -21 5 -20 5 -20 5 -20 4 -20 4 -19 4 -19 4 -19 0 0 3 -19 3 -18 3 -18 2 -18 1 -18 1 -18 1 -18 0 -18 0 -18 0 -18 0 -18 0 -18 -1 -17 -1 -18 -2 -18 -2 -18 -2 -18 -3 -18 -3 -17 -3 -18 -3 -17 -3 -17 -3 -17 -4 -17 -4 -18 -4 -17 0 0 0 0 0 0 0 0 0 0 ]
CSI_DATA,AP,A4:CF:12:8F:B7:74,-50,11,1,6,1,1,1,1,0,0,0,-96,1,4,1,79641390,0,84,0,0,79.8138,384,[84 -64 4 0 0 0 0 0 0 0 0 0 10 19 10 19 9 20 8 20 8 20 7 20 7 20 6 20 6 20 5 20 4 20 4 20 4 20 3 19 3 19 4 19 3 18 3 18 3 18 3 18 3 17 3 17 3 17 3 16 3 16 4 16 0 0 4 16 4 16 4 15 5 15 5 14 5 14 5 14 5 14 6 14 6 14 6 14 6 14 7 13 7 13 7 13 7 13 8 13 8 12 8 13 8 12 9 12 8 12 9 12 9 12 9 12 9 12 0 0 0 0 0 0 0 0 0 0 ]
CSI_DATA,AP,A4:CF:12:8F:B7:74,-50,11,1,6,1,1,1,1,0,0,0,-96,1,4,1,79653078,0,84,0,0,79.8255,384,[84 -64 4 0 0 0 0 0 0 0 0 0 0 22 -1 22 -2 22 -3 22 -3 21 -4 21 -4 21 -5 21 -5 20 -5 20 -5 20 -6 20 -6 19 -6 19 -6 19 -6 19 -6 18 -6 17 -6 17 -6 17 -6 17 -6 17 -5 16 -5 16 -5 16 -5 16 0 0 -4 16 -3 15 -3 15 -3 15 -3 15 -3 15 -2 15 -2 15 -1 15 -1 15 -1 15 -1 15 0 15 0 15 0 15 1 15 1 15 1 15 1 15 2 15 2 15 2 15 2 14 3 15 2 15 3 14 0 0 0 0 0 0 0 0 0 0 ]
CSI_DATA,AP,A4:CF:12:8F:B7:74,-50,11,1,6,1,1,1,1,0,0,0,-96,1,4,1,79661563,0,84,0,0,79.834,384,[84 -64 4 0 0 0 0 0 0 0 0 0 15 19 15 19 14 19 13 20 13 20 12 20 12 21 11 20 11 21 10 20 10 21 9 20 9 20 8 20 8 20 8 20 8 19 8 19 8 19 7 19 7 18 7 18 7 18 8 17 8 17 7 17 0 0 8 16 8 15 8 16 8 15 9 15 9 14 9 14 9 14 9 14 10 13 10 13 10 13 10 13 11 13 11 12 11 12 12 12 12 12 12 12 11 11 12 12 12 11 12 11 12 11 12 11 13 10 0 0 0 0 0 0 0 0 0 0 ]
CSI_DATA,AP,A4:CF:12:8F:B7:74,-50,11,1,6,1,1,1,1,0,0,0,-96,1,4,1,79671425,0,84,0,0,79.8439,384,[84 -64 4 0 0 0 0 0 0 0 0 0 -10 -23 -9 -24 -8 -24 -8 -25 -7 -24 -7 -24 -6 -24 -6 -24 -5 -24 -5 -23 -5 -23 -5 -23 -4 -23 -4 -23 -4 -22 -3 -22 -3 -22 -4 -21 -3 -21 -3 -20 -4 -20 -3 -20 -4 -20 -4 -19 -4 -19 -4 -20 0 0 -5 -19 -5 -19 -5 -18 -6 -18 -6 -17 -6 -17 -6 -17 -7 -17 -7 -17 -8 -17 -8 -16 -8 -16 -8 -15 -9 -16 -8 -16 -9 -16 -9 -15 -10 -15 -10 -15 -10 -15 -11 -15 -10 -15 -11 -14 -11 -13 -12 -14 -12 -14 0 0 0 0 0 0 0 0 0 0 ]
CSI_DATA,AP,A4:CF:12:8F:B7:74,-50,11,1,6,1,1,1,1,0,0,0,-96,1,4,1,79681949,0,84,0,0,79.8546,384,[84 -64 4 0 0 0 0 0 0 0 0 0 15 19 14 19 13 20 12 20 12 20 12 20 10 20 10 20 9 21 11 21 9 21 9 20 8 20 8 20 8 20 7 20 7 20 7 19 7 19 7 18 6 18 6 18 7 17 7 17 7 17 7 17 0 0 7 16 7 16 8 16 8 15 8 15 8 15 8 15 8 14 9 14 9 14 9 14 10 13 10 13 10 13 10 12 11 13 11 12 11 12 11 12 11 12 11 12 11 12 12 11 12 11 12 11 12 11 0 0 0 0 0 0 0 0 0 0 ]
CSI_DATA,AP,A4:CF:12:8F:B7:74,-50,11,1,6,1,1,1,1,0,0,0,-96,1,4,1,79691750,0,84,0,0,79.8642,384,[84 -64 4 0 0 0 0 0 0 0 0 0 -17 -19 -16 -19 -15 -20 -15 -21 -14 -20 -14 -21 -13 -21 -13 -21 -13 -21 -11 -21 -11 -21 -11 -21 -10 -21 -10 -21 -10 -21 -10 -20 -9 -21 -9 -19 -9 -20 -9 -19 -9 -18 -9 -19 -9 -18 -9 -18 -9 -18 -9 -18 0 0 -9 -17 -9 -16 -10 -16 -10 -16 -10 -15 -10 -15 -10 -15 -11 -14 -11 -15 -11 -14 -11 -14 -11 -13 -12 -13 -12 -13 -12 -13 -13 -13 -12 -13 -13 -13 -13 -12 -13 -12 -13 -12 -14 -12 -13 -11 -14 -11 -14 -11 -14 -11 0 0 0 0 0 0 0 0 0 0 ]
CSI_DATA,AP,A4:CF:12:8F:B7:74,-50,11,1,6,1,1,1,1,0,0,0,-96,1,4,1,79701531,0,84,0,0,79.874,384,[84 -64 4 0 0 0 0 0 0 0 0 0 -8 -22 -7 -22 -6 -22 -5 -22 -5 -23 -5 -22 -3 -22 -3 -22 -3 -22 -2 -21 -2 -22 -2 -21 -1 -21 -1 -21 -1 -20 -1 -21 -1 -19 -1 -19 -1 -19 0 -19 -1 -18 -1 -19 -1 -18 -2 -18 -1 -18 -2 -18 0 0 -2 -17 -2 -17 -2 -16 -3 -17 -3 -16 -3 -16 -3 -16 -4 -16 -4 -16 -5 -16 -5 -16 -5 -15 -5 -15 -6 -15 -6 -15 -6 -15 -6 -15 -6 -15 -6 -15 -7 -15 -7 -14 -7 -14 -7 -14 -8 -14 -8 -14 -8 -13 0 0 0 0 0 0 0 0 0 0 ]
CSI_DATA,AP,A4:CF:12:8F:B7:74,-50,11,1,6,1,1,1,1,0,0,0,-96,1,4,1,79710828,0,84,0,0,79.8833,384,[84 -64 4 0 0 0 0 0 0 0 0 0 -15 17 -16 16 -16 15 -17 15 -16 14 -17 15 -17 13 -17 13 -17 13 -17 12 -17 12 -18 12 -17 11 -17 11 -17 11 -17 10 -17 11 -16 10 -16 10 -16 10 -16 10 -16 9 -14 10 -14 10 -14 10 -14 10 0 0 -13 10 -13 10 -13 10 -12 10 -12 11 -12 10 -12 10 -11 11 -11 11 -10 11 -10 12 -10 12 -10 12 -10 13 -9 12 -9 13 -9 12 -9 13 -9 13 -8 13 -8 13 -8 13 -7 13 -7 13 -7 13 -7 14 0 0 0 0 0 0 0 0 0 0 ]
CSI_DATA,AP,A4:CF:12:8F:B7:74,-50,11,1,6,1,1,1,1,0,0,0,-96,1,4,1,79720271,0,84,0,0,79.8927,384,[84 -64 4 0 0 0 0 0 0 0 0 0 9 -21 10 -21 10 -20 11 -20 11 -19 11 -19 12 -18 12 -18 13 -18 12 -17 13 -17 13 -17 13 -16 13 -16 13 -16 13 -15 13 -15 12 -15 12 -15 12 -14 11 -14 11 -14 10 -14 10 -14 10 -14 10 -14 0 0 9 -14 9 -14 9 -14 8 -14 8 -14 8 -14 8 -14 7 -14 7 -14 6 -14 6 -14 6 -14 6 -14 6 -15 5 -15 5 -15 5 -15 4 -15 4 -15 3 -15 3 -15 3 -16 3 -15 3 -15 3 -16 3 -15 0 0 0 0 0 0 0 0 0 0 ]
CSI_DATA,AP,A4:CF:12:8F:B7:74,-50,11,1,6,1,1,1,1,0,0,0,-96,1,4,1,79730487,0,84,0,0,79.9029,384,[84 -64 4 0 0 0 0 0 0 0 0 0 -11 19 -11 19 -12 19 -13 18 -13 18 -13 17 -14 17 -14 16 -14 16 -15 16 -15 15 -15 15 -15 14 -15 14 -14 14 -14 14 -14 13 -14 14 -13 12 -13 13 -13 12 -13 13 -13 12 -12 12 -12 12 -12 12 0 0 -11 12 -11 13 -10 12 -10 13 -10 12 -9 12 -9 13 -9 13 -8 13 -9 13 -8 13 -8 13 -8 13 -7 13 -7 14 -6 14 -7 14 -6 14 -6 14 -5 14 -6 14 -5 14 -5 14 -5 14 -5 14 -4 14 0 0 0 0 0 0 0 0 0 0 ]
CSI_DATA,AP,A4:CF:12:8F:B7:74,-50,11,1,6,1,1,1,1,0,0,0,-96,1,4,1,79740432,0,84,0,0,79.9129,384,[84 -64 4 0 0 0 0 0 0 0 0 0 -15 -20 -15 -21 -14 -21 -13 -22 -12 -22 -12 -22 -11 -22 -11 -22 -10 -22 -10 -22 -10 -22 -10 -22 -9 -21 -9 -22 -9 -21 -8 -21 -8 -21 -8 -20 -8 -20 -8 -20 -8 -19 -7 -19 -8 -19 -8 -18 -8 -18 -9 -18 0 0 -8 -17 -9 -17 -9 -17 -9 -16 -9 -16 -10 -16 -10 -16 -10 -15 -10 -15 -11 -15 -11 -14 -11 -14 -12 -14 -12 -14 -11 -13 -12 -14 -12 -13 -12 -13 -13 -13 -13 -13 -13 -12 -13 -12 -13 -12 -14 -11 -14 -12 -14 -11 0 0 0 0 0 0 0 0 0 0 ]
CSI_DATA,AP,A4:CF:12:8F:B7:74,-50,11,1,6,1,1,1,1,0,0,0,-96,1,4,1,79750128,0,84,0,0,79.9226,384,[84 -64 4 0 0 0 0 0 0 0 0 0 22 -3 22 -2 22 -1 22 0 22 0 21 1 21 1 20 2 21 2 21 3 20 3 20 4 19 4 19 4 19 4 19 3 18 3 18 3 18 4 18 3 17 4 17 3 17 3 17 3 16 3 16 3 0 0 16 2 16 2 16 1 16 1 15 1 16 0 15 0 15 0 15 0 15 0 15 -1 15 -2 15 -2 15 -2 15 -2 14 -3 15 -3 15 -3 15 -3 14 -4 15 -3 14 -4 15 -4 15 -4 14 -4 14 -5 0 0 0 0 0 0 0 0 0 0 ]
CSI_DATA,AP,A4:CF:12:8F:B7:74,-50,11,1,6,1,1,1,1,0,0,0,-96,1,4,1,79760458,0,84,0,0,79.9329,384,[84 -64 4 0 0 0 0 0 0 0 0 0 3 -23 4 -23 4 -22 5 -22 5 -22 6 -22 6 -21 7 -21 7 -21 7 -20 8 -20 8 -20 8 -19 8 -19 8 -19 8 -18 8 -18 7 -18 7 -17 8 -18 7 -17 7 -17 6 -17 6 -16 6 -16 6 -17 0 0 5 -16 5 -16 5 -16 4 -16 4 -16 4 -16 4 -16 3 -16 3 -16 2 -16 2 -16 2 -16 1 -16 1 -16 1 -16 0 -16 0 -16 0 -16 0 -16 -1 -16 -1 -16 -1 -16 -1 -16 -2 -16 -2 -16 -2 -16 0 0 0 0 0 0 0 0 0 0 ]
CSI_DATA,AP,A4:CF:12:8F:B7:74,-50,11,1,6,1,1,1,1,0,0,0,-96,1,4,1,79770385,0,84,0,0,79.9428,384,[84 -64 4 0 0 0 0 0 0 0 0 0 -25 -4 -25 -5 -25 -6 -24 -7 -25 -7 -23 -7 -23 -8 -23 -8 -23 -9 -23 -9 -23 -9 -22 -9 -22 -9 -21 -9 -21 -9 -21 -9 -20 -9 -20 -9 -19 -8 -19 -9 -19 -8 -19 -9 -19 -8 -18 -7 -19 -7 -18 -7 0 0 -18 -6 -18 -6 -18 -6 -18 -5 -17 -5 -17 -5 -17 -4 -18 -4 -18 -4 -18 -3 -18 -2 -17 -2 -18 -2 -18 -1 -18 -2 -18 -1 -18 0 -18 0 -18 0 -18 0 -18 0 -18 1 -18 1 -17 2 -18 1 -17 2 0 0 0 0 0 0 0 0 0 0 ]
CSI_DATA,AP,A4:CF:12:8F:B7:74,-50,11,1,6,1,1,1,1,0,0,0,-96,1,4,1,79781132,0,84,0,0,79.9537,384,[84 -64 4 0 0 0 0 0 0 0 0 0 -14 17 -15 16 -16 15 -17 15 -16 15 -17 14 -16 13 -17 13 -17 13 -17 12 -17 12 -17 11 -17 11 -17 11 -17 11 -17 10 -16 10 -16 10 -16 10 -16 9 -16 9 -16 9 -15 9 -15 9 -15 9 -14 9 0 0 -14 10 -13 9 -13 9 -13 10 -12 10 -12 10 -12 10 -12 10 -12 10 -12 11 -11 11 -11 11 -11 11 -10 11 -10 11 -10 11 -10 11 -9 12 -9 12 -9 12 -9 12 -9 12 -9 12 -9 13 -8 12 -8 13 0 0 0 0 0 0 0 0 0 0 ]
CSI_DATA,AP,A4:CF:12:8F:B7:74,-49,11,1,6,1,1,1,1,0,0,0,-96,1,4,1,79790757,0,84,0,0,79.9632,384,[84 -64 4 0 0 0 0 0 0 0 0 0 -12 12 -12 12 -12 11 -14 10 -12 10 -13 10 -13 10 -13 9 -13 9 -14 8 -14 8 -14 8 -13 8 -13 8 -13 7 -13 7 -14 7 -12 6 -13 7 -12 7 -13 6 -12 6 -12 6 -12 6 -12 6 -11 7 0 0 -11 6 -11 6 -11 7 -10 7 -11 6 -10 7 -10 7 -9 7 -9 8 -9 7 -9 7 -9 8 -9 8 -9 9 -8 8 -8 8 -8 8 -8 9 -8 9 -7 8 -7 9 -8 9 -7 9 -7 9 -7 9 -7 9 0 0 0 0 0 0 0 0 0 0 ]
CSI_DATA,AP,A4:CF:12:8F:B7:74,-49,11,1,5,1,1,1,1,0,0,0,-96,1,4,1,79802529,0,84,0,0,79.975,384,[84 -64 4 0 0 0 0 0 0 0 0 0 22 -7 23 -7 23 -6 24 -5 23 -4 23 -4 23 -3 23 -3 23 -2 22 -2 22 -1 22 -1 22 -1 22 0 21 0 21 0 20 0 20 0 20 0 19 0 19 0 19 0 18 0 18 -1 18 0 18 -1 0 0 18 -1 17 -1 17 -1 17 -2 17 -2 17 -3 17 -3 16 -3 16 -3 16 -4 16 -4 16 -4 16 -5 16 -5 15 -5 16 -5 16 -6 16 -6 15 -6 15 -7 15 -6 15 -7 15 -7 15 -7 15 -7 14 -7 0 0 0 0 0 0 0 0 0 0 ]
CSI_DATA,AP,A4:CF:12:8F:B7:74,-50,11,1,6,1,1,1,1,0,0,0,-96,1,4,1,79810619,0,84,0,0,79.9831,384,[84 -64 4 0 0 0 0 0 0 0 0 0 5 23 5 23 4 24 3 24 3 24 2 23 1 23 1 23 0 23 1 23 0 22 0 22 0 22 0 22 -1 21 -1 21 -1 21 -1 20 -1 20 -1 20 -1 19 -1 19 0 19 0 18 0 18 0 18 0 0 0 18 1 18 1 17 1 17 2 17 2 17 2 17 3 16 3 16 3 16 4 16 4 16 4 16 5 16 5 16 5 16 6 15 6 15 6 16 6 15 6 15 6 15 7 15 8 14 8 14 8 14 0 0 0 0 0 0 0 0 0 0 ]
CSI_DATA,AP,A4:CF:12:8F:B7:74,-50,11,1,6,1,1,1,1,0,0,0,-96,1,4,1,79821734,0,84,0,0,79.9942,384,[84 -64 4 0 0 0 0 0 0 0 0 0 19 15 18 16 17 16 17 18 16 17 16 18 15 18 14 18 14 19 13 18 13 18 12 18 12 18 12 18 11 18 11 18 11 18 11 16 11 17 10 17 10 17 10 16 10 16 10 15 10 15 10 15 0 0 10 15 10 14 10 14 10 13 11 13 11 13 11 13 11 12 11 12 11 12 12 12 12 11 12 11 13 11 12 10 13 10 13 10 13 10 13 10 13 10 13 10 13 9 13 9 14 9 14 9 14 9 0 0 0 0 0 0 0 0 0 0 ]
CSI_DATA,AP,A4:CF:12:8F:B7:74,-50,11,1,6,1,1,1,1,0,0,0,-96,1,4,1,79830479,0,84,0,0,80.0029,384,[84 -64 4 0 0 0 0 0 0 0 0 0 22 -2 22 -1 21 0 22 1 21 1 21 2 21 3 21 3 20 4 20 3 20 3 20 4 19 4 19 4 19 4 18 5 18 4 17 4 18 4 17 4 17 5 17 5 16 4 16 3 17 3 16 3 0 0 16 2 15 3 16 2 15 1 15 1 15 1 15 1 15 1 15 1 14 0 15 -1 15 -1 15 -2 15 -1 14 -1 15 -2 14 -2 15 -3 15 -2 14 -3 14 -3 15 -3 14 -3 14 -4 14 -4 14 -4 0 0 0 0 0 0 0 0 0 0 ]
CSI_DATA,AP,A4:CF:12:8F:B7:74,-50,11,1,6,1,1,1,1,0,0,0,-96,1,4,1,79840372,0,84,0,0,80.0128,384,[84 -64 4 0 0 0 0 0 0 0 0 0 8 21 7 20 6 21 5 21 5 22 4 21 3 21 3 21 2 21 2 21 2 21 1 20 1 20 1 20 0 19 1 19 0 18 1 19 1 18 0 18 0 17 0 17 0 17 1 17 0 16 1 17 0 0 1 16 1 16 2 16 2 16 2 15 2 15 2 15 2 15 3 15 3 15 4 15 4 14 4 14 4 14 5 14 5 14 5 14 5 14 5 14 6 14 6 14 6 13 6 14 6 13 6 13 6 13 0 0 0 0 0 0 0 0 0 0 ]
CSI_DATA,AP,A4:CF:12:8F:B7:74,-50,11,1,6,1,1,1,1,0,0,0,-96,1,4,1,79850392,0,84,0,0,80.0228,384,[84 -64 4 0 0 0 0 0 0 0 0 0 17 -14 17 -14 18 -13 18 -12 19 -12 18 -12 19 -11 18 -10 19 -10 19 -9 19 -9 18 -9 19 -8 18 -8 18 -8 18 -8 17 -8 17 -8 16 -8 17 -7 16 -7 16 -8 16 -7 16 -7 15 -7 15 -8 0 0 14 -8 14 -8 14 -8 13 -9 13 -9 13 -9 13 -9 12 -10 12 -9 12 -10 12 -10 12 -10 11 -10 11 -10 11 -11 10 -11 11 -12 10 -12 10 -12 9 -12 10 -12 9 -12 10 -12 9 -13 9 -13 9 -12 0 0 0 0 0 0 0 0 0 0 ]
CSI_DATA,AP,A4:CF:12:8F:B7:74,-50,11,1,6,1,1,1,1,0,0,0,-96,1,4,1,79860415,0,84,0,0,80.0328,384,[84 -64 4 0 0 0 0 0 0 0 0 0 -6 -22 -6 -22 -5 -22 -4 -23 -3 -22 -3 -23 -2 -22 -2 -22 -1 -22 -1 -21 -1 -22 -1 -21 0 -21 0 -20 0 -21 0 -20 0 -20 0 -19 0 -19 0 -19 0 -19 0 -18 0 -18 -1 -18 -1 -18 -1 -18 0 0 -1 -17 -2 -17 -2 -17 -2 -16 -3 -16 -3 -16 -3 -16 -3 -16 -4 -16 -4 -16 -5 -16 -5 -15 -5 -15 -5 -15 -5 -15 -6 -15 -6 -15 -6 -15 -6 -15 -6 -15 -7 -15 -7 -14 -7 -14 -8 -14 -8 -14 -8 -14 0 0 0 0 0 0 0 0 0 0 ]
CSI_DATA,AP,A4:CF:12:8F:B7:74,-50,11,1,6,1,1,1,1,0,0,0,-96,1,4,1,79870380,0,84,0,0,80.0428,384,[84 -64 4 0 0 0 0 0 0 0 0 0 -8 20 -9 20 -10 20 -11 19 -11 19 -11 19 -11 18 -12 18 -12 17 -12 17 -12 17 -13 17 -12 16 -12 15 -12 15 -13 16 -12 15 -12 15 -12 14 -11 14 -11 14 -11 14 -11 14 -10 13 -10 14 -10 13 0 0 -9 14 -9 14 -9 14 -8 14 -8 13 -8 14 -8 13 -7 13 -6 14 -6 14 -6 14 -6 14 -5 14 -5 14 -5 14 -4 14 -4 15 -4 15 -4 15 -4 14 -3 15 -3 15 -3 15 -2 15 -2 15 -2 14 0 0 0 0 0 0 0 0 0 0 ]
CSI_DATA,AP,A4:CF:12:8F:B7:74,-49,11,1,5,1,1,1,1,0,0,0,-96,1,4,1,79885263,0,84,0,0,80.0579,384,[84 -64 4 0 0 0 0 0 0 0 0 0 -20 10 -20 10 -21 8 -21 8 -21 7 -21 7 -20 6 -20 6 -21 5 -20 5 -21 5 -21 4 -20 4 -20 4 -20 4 -20 4 -19 4 -18 3 -19 3 -18 3 -18 3 -18 3 -17 3 -17 4 -17 4 -17 4 0 0 -16 5 -16 5 -16 5 -15 5 -15 5 -15 5 -15 6 -14 6 -14 6 -14 7 -14 7 -14 7 -14 7 -14 8 -13 8 -13 8 -13 8 -13 9 -13 9 -12 9 -12 9 -12 9 -12 9 -12 10 -12 10 -11 10 0 0 0 0 0 0 0 0 0 0 ]
CSI_DATA,AP,A4:CF:12:8F:B7:74,-49,11,1,6,1,1,1,1,0,0,0,-96,1,4,1,79893593,0,84,0,0,80.0661,384,[84 -64 4 0 0 0 0 0 0 0 0 0 1 16 1 17 0 16 0 16 0 16 0 16 -1 16 -2 15 -2 15 -2 15 -2 15 -2 15 -3 15 -3 14 -3 14 -3 14 -3 14 -2 13 -2 13 -3 13 -3 12 -3 13 -2 12 -2 12 -2 12 -2 12 0 0 -1 12 -2 11 -1 11 -1 11 -1 11 -1 11 -1 11 0 11 0 11 1 11 1 11 1 11 1 11 1 11 1 11 2 11 2 11 2 11 2 11 2 10 2 11 2 10 3 10 3 10 4 10 4 11 0 0 0 0 0 0 0 0 0 0 ]
CSI_DATA,AP,A4:CF:12:8F:B7:74,-48,11,1,3,1,1,1,1,0,0,0,-96,1,4,1,79904844,0,84,0,0,80.0773,384,[84 -64 4 0 0 0 0 0 0 0 0 0 9 -24 9 -24 10 -24 11 -23 11 -23 11 -22 12 -21 12 -21 13 -21 12 -20 13 -20 13 -20 13 -19 13 -19 13 -18 13 -19 13 -17 12 -17 12 -17 12 -17 12 -16 12 -17 11 -16 11 -16 11 -16 10 -17 0 0 9 -17 9 -16 9 -16 8 -17 8 -16 8 -16 7 -16 7 -16 6 -17 5 -17 5 -17 5 -16 5 -17 4 -17 4 -17 4 -17 4 -18 3 -17 3 -17 2 -17 2 -18 2 -17 2 -17 1 -17 1 -18 1 -17 0 0 0 0 0 0 0 0 0 0 ]
CSI_DATA,AP,A4:CF:12:8F:B7:74,-50,11,1,6,1,1,1,1,0,0,0,-96,1,4,1,79910479,0,84,0,0,80.0838,384,[84 -64 4 0 0 0 0 0 0 0 0 0 -2 21 -3 21 -4 21 -5 22 -5 21 -5 21 -6 20 -7 20 -7 19 -7 19 -7 19 -8 19 -8 18 -8 18 -8 18 -8 18 -8 17 -8 17 -8 17 -8 16 -7 16 -8 16 -7 15 -7 16 -6 15 -6 16 0 0 -6 15 -5 15 -5 15 -5 15 -5 15 -5 14 -4 15 -4 14 -3 15 -3 15 -3 15 -2 15 -2 14 -2 15 -2 15 -1 15 -1 15 -1 15 -1 15 -1 15 0 15 0 15 0 14 1 15 0 15 1 15 0 0 0 0 0 0 0 0 0 0 ]
CSI_DATA,AP,A4:CF:12:8F:B7:74,-49,11,1,5,1,1,1,1,0,0,0,-96,1,4,1,79924253,0,84,0,0,80.0967,384,[84 -64 4 0 0 0 0 0 0 0 0 0 12 -22 12 -22 13 -21 14 -21 14 -20 14 -20 15 -19 14 -18 15 -19 15 -18 15 -18 15 -17 15 -16 15 -16 15 -16 15 -16 14 -15 14 -16 14 -15 14 -15 14 -14 14 -15 13 -15 12 -14 12 -14 12 -14 0 0 11 -15 11 -14 11 -15 10 -15 10 -15 10 -15 9 -15 9 -15 9 -15 7 -16 7 -16 7 -15 7 -16 7 -16 6 -16 6 -16 6 -17 5 -17 5 -16 5 -16 5 -17 5 -17 4 -17 4 -17 3 -17 3 -17 0 0 0 0 0 0 0 0 0 0 ]
CSI_DATA,AP,A4:CF:12:8F:B7:74,-50,11,1,6,1,1,1,1,0,0,0,-96,1,4,1,79931802,0,84,0,0,80.1043,384,[84 -64 4 0 0 0 0 0 0 0 0 0 -23 2 -23 2 -22 1 -23 0 -22 -1 -23 -1 -22 -2 -22 -2 -22 -3 -21 -2 -21 -2 -21 -3 -21 -3 -21 -3 -20 -4 -20 -4 -20 -4 -19 -3 -19 -4 -18 -4 -18 -4 -18 -4 -17 -3 -18 -3 -18 -2 -18 -2 0 0 -17 -2 -17 -2 -17 -1 -16 -1 -17 -1 -16 -1 -16 -1 -16 0 -16 0 -16 1 -16 1 -16 1 -16 2 -16 2 -15 2 -16 2 -15 3 -15 3 -15 3 -15 3 -15 3 -16 3 -15 4 -15 4 -15 5 -15 5 0 0 0 0 0 0 0 0 0 0 ]
CSI_DATA,AP,A4:CF:12:8F:B7:74,-50,11,1,6,1,1,1,1,0,0,0,-96,1,4,1,79940172,0,84,0,0,80.1126,384,[84 -64 4 0 0 0 0 0 0 0 0 0 22 9 22 9 22 10 21 11 21 11 21 11 20 13 19 12 19 13 19 13 19 13 18 13 18 13 18 13 17 13 17 13 16 13 16 12 16 12 16 13 15 12 15 11 15 11 15 10 15 10 15 10 0 0 15 10 15 9 15 9 15 9 15 8 15 8 15 8 15 7 15 7 15 6 15 6 16 5 16 5 16 5 16 5 16 5 16 4 16 4 16 4 16 3 16 3 16 3 16 2 16 2 16 2 16 2 0 0 0 0 0 0 0 0 0 0 ]
CSI_DATA,AP,A4:CF:12:8F:B7:74,-50,11,1,6,1,1,1,1,0,0,0,-96,1,4,1,79949417,0,84,0,0,80.1218,384,[84 -64 4 0 0 0 0 0 0 0 0 0 -13 -20 -12 -19 -11 -20 -11 -20 -11 -21 -10 -20 -9 -20 -8 -21 -8 -21 -7 -20 -7 -21 -7 -20 -6 -20 -6 -20 -6 -19 -6 -20 -5 -19 -6 -19 -6 -18 -5 -18 -6 -18 -6 -18 -6 -17 -6 -17 -6 -17 -6 -17 0 0 -6 -16 -6 -16 -6 -15 -7 -15 -7 -15 -7 -15 -7 -15 -8 -14 -8 -14 -9 -14 -9 -14 -9 -13 -9 -13 -9 -13 -9 -13 -10 -13 -10 -13 -10 -12 -10 -12 -11 -12 -11 -12 -11 -12 -11 -12 -11 -11 -11 -12 -11 -11 0 0 0 0 0 0 0 0 0 0 ]
CSI_DATA,AP,A4:CF:12:8F:B7:74,-50,11,1,6,1,1,1,1,0,0,0,-96,1,4,1,79959028,0,84,0,0,80.1315,384,[84 -64 4 0 0 0 0 0 0 0 0 0 -17 14 -18 14 -18 13 -19 13 -18 12 -19 12 -19 11 -19 10 -19 10 -19 9 -19 10 -19 9 -19 9 -18 8 -19 8 -18 8 -18 8 -17 7 -18 8 -17 7 -17 7 -17 7 -16 7 -16 8 -16 7 -16 8 0 0 -15 8 -14 8 -15 8 -14 8 -14 8 -14 8 -14 8 -13 9 -13 9 -12 9 -13 10 -12 10 -12 10 -12 10 -11 10 -11 11 -11 11 -11 11 -11 11 -10 11 -11 11 -11 11 -10 12 -10 12 -9 12 -9 12 0 0 0 0 0 0 0 0 0 0 ]
CSI_DATA,AP,A4:CF:12:8F:B7:74,-50,11,1,6,1,1,1,1,0,0,0,-96,1,4,1,79967942,0,84,0,0,80.1404,384,[84 -64 4 0 0 0 0 0 0 0 0 0 -22 -5 -22 -6 -22 -7 -22 -8 -21 -8 -21 -8 -20 -9 -20 -9 -20 -9 -19 -10 -19 -10 -19 -10 -19 -10 -18 -10 -18 -10 -18 -10 -17 -10 -16 -10 -17 -10 -16 -10 -16 -9 -16 -9 -15 -9 -15 -9 -16 -9 -16 -8 0 0 -15 -8 -15 -7 -15 -7 -15 -7 -15 -7 -15 -7 -15 -6 -15 -6 -15 -6 -15 -5 -16 -5 -15 -4 -15 -4 -16 -4 -15 -4 -16 -4 -16 -3 -16 -3 -16 -3 -15 -2 -16 -3 -16 -2 -16 -2 -16 -2 -16 -2 -15 -1 0 0 0 0 0 0 0 0 0 0 ]
CSI_DATA,AP,A4:CF:12:8F:B7:74,-50,11,1,6,1,1,1,1,0,0,0,-96,1,4,1,79978519,0,84,0,0,80.151,384,[84 -64 4 0 0 0 0 0 0 0 0 0 21 12 21 12 20 13 20 14 19 14 19 14 18 15 18 15 17 16 17 15 16 16 16 16 15 16 15 16 15 16 14 15 14 16 14 14 13 15 14 14 13 14 13 14 13 14 13 13 13 13 13 13 0 0 13 12 13 12 13 12 13 11 13 11 13 10 13 10 14 9 14 9 14 9 14 9 14 9 14 8 15 8 14 8 15 8 15 7 15 7 15 7 15 7 15 7 15 6 15 6 15 6 15 6 15 5 0 0 0 0 0 0 0 0 0 0 ]
CSI_DATA,AP,A4:CF:12:8F:B7:74,-49,11,1,5,1,1,1,1,0,0,0,-96,1,4,1,79990931,0,84,0,0,80.1635,384,[84 -64 4 0 0 0 0 0 0 0 0 0 5 23 5 23 4 23 3 24 3 23 2 23 1 23 1 23 1 23 0 22 0 22 -1 22 -1 22 -1 21 -1 22 -1 21 -1 20 -1 20 -1 20 -1 20 -1 19 0 19 -1 18 -1 18 -1 18 0 18 0 0 1 18 1 17 1 17 2 16 2 16 2 16 2 16 3 16 3 16 3 15 3 16 4 15 4 16 5 16 5 15 5 15 6 15 6 15 6 15 6 15 6 14 7 15 7 14 7 14 7 14 7 14 0 0 0 0 0 0 0 0 0 0 ]
CSI_DATA,AP,A4:CF:12:8F:B7:74,-49,11,1,6,1,1,1,1,0,0,0,-96,1,4,1,79996652,0,84,0,0,80.1694,384,[84 -64 4 0 0 0 0 0 0 0 0 0 -7 15 -8 14 -9 14 -9 14 -10 13 -10 13 -10 13 -10 13 -11 12 -10 12 -10 12 -10 12 -11 11 -10 11 -11 10 -10 11 -10 11 -10 10 -10 10 -10 9 -9 10 -9 9 -9 10 -9 10 -8 10 -8 10 0 0 -8 9 -7 9 -7 10 -7 9 -7 10 -7 9 -7 9 -6 10 -6 10 -5 10 -5 10 -5 10 -5 10 -5 10 -5 10 -4 11 -4 10 -4 11 -4 10 -4 11 -4 11 -4 10 -3 11 -3 11 -3 11 -2 11 0 0 0 0 0 0 0 0 0 0 ]
CSI_DATA,AP,A4:CF:12:8F:B7:74,-49,11,1,5,1,1,1,1,0,0,0,-96,1,4,1,80008839,0,84,0,0,80.1813,384,[84 -64 4 0 0 0 0 0 0 0 0 0 24 1 23 2 23 3 24 4 23 4 22 4 22 6 21 6 21 7 21 6 21 6 21 6 21 7 20 7 20 7 19 7 19 7 18 7 18 7 18 7 18 7 18 7 17 6 17 5 17 5 17 5 0 0 17 5 17 5 17 4 16 3 16 4 17 3 16 3 16 2 16 3 16 1 16 1 16 1 17 1 17 0 16 0 16 0 16 -1 16 -1 16 -1 16 -1 16 -1 16 -1 16 -2 16 -3 16 -3 16 -3 0 0 0 0 0 0 0 0 0 0 ]
CSI_DATA,AP,A4:CF:12:8F:B7:74,-50,11,1,6,1,1,1,1,0,0,0,-96,1,4,1,80016579,0,84,0,0,80.189,384,[84 -64 4 0 0 0 0 0 0 0 0 0 -15 17 -15 17 -16 16 -16 15 -16 15 -16 15 -17 14 -17 14 -17 13 -17 13 -17 12 -17 12 -17 11 -16 11 -17 11 -17 11 -16 10 -16 11 -15 10 -15 10 -15 10 -15 10 -14 10 -14 10 -14 10 -14 10 0 0 -13 10 -13 11 -12 10 -12 11 -11 11 -11 11 -11 11 -11 11 -11 11 -10 12 -10 12 -10 12 -10 12 -9 12 -9 12 -9 13 -9 13 -8 12 -8 13 -8 13 -7 13 -7 13 -7 13 -7 13 -7 14 -6 13 0 0 0 0 0 0 0 0 0 0 ]
CSI_DATA,AP,A4:CF:12:8F:B7:74,-50,11,1,6,1,1,1,1,0,0,0,-96,1,4,1,80026509,0,84,0,0,80.199,384,[84 -64 4 0 0 0 0 0 0 0 0 0 -1 21 -3 22 -3 21 -4 22 -4 21 -5 21 -6 20 -6 20 -6 20 -6 19 -7 20 -7 19 -7 19 -7 18 -7 18 -7 18 -7 18 -7 17 -7 17 -7 17 -7 16 -7 16 -6 16 -6 16 -6 16 -5 16 0 0 -5 16 -5 15 -5 15 -4 15 -4 15 -4 15 -4 15 -3 15 -3 15 -2 15 -2 15 -2 15 -1 15 -1 15 -1 15 -1 15 0 14 0 15 0 15 0 15 0 15 0 15 1 15 1 14 1 15 2 15 0 0 0 0 0 0 0 0 0 0 ]
CSI_DATA,AP,A4:CF:12:8F:B7:74,-50,11,1,6,1,1,1,1,0,0,0,-96,1,4,1,80036442,0,84,0,0,80.2089,384,[84 -64 4 0 0 0 0 0 0 0 0 0 -2 21 -3 22 -3 21 -4 22 -4 21 -5 21 -5 21 -6 20 -6 20 -6 19 -6 20 -7 19 -7 19 -7 18 -7 18 -7 18 -7 18 -7 17 -7 17 -7 17 -7 16 -7 16 -6 16 -6 16 -6 16 -5 16 0 0 -5 16 -4 15 -4 15 -3 15 -4 15 -4 15 -3 15 -3 14 -2 15 -2 15 -2 15 -1 15 -1 15 -1 15 0 15 0 15 0 15 1 15 1 15 1 15 1 15 1 15 1 14 2 14 2 15 2 14 0 0 0 0 0 0 0 0 0 0 ]
CSI_DATA,AP,A4:CF:12:8F:B7:74,-50,11,1,6,1,1,1,1,0,0,0,-96,1,4,1,80046438,0,84,0,0,80.2189,384,[84 -64 4 0 0 0 0 0 0 0 0 0 -22 7 -22 6 -22 5 -22 5 -22 4 -22 4 -22 3 -21 3 -22 2 -22 1 -21 1 -21 1 -21 0 -20 0 -20 0 -20 1 -20 0 -19 1 -19 0 -19 0 -18 0 -18 1 -18 1 -18 0 -18 1 -17 1 0 0 -17 2 -17 2 -16 2 -16 3 -16 3 -16 3 -16 3 -16 3 -15 4 -16 4 -15 4 -15 4 -15 4 -15 5 -15 6 -14 6 -15 6 -14 6 -14 7 -14 7 -14 7 -14 7 -14 7 -14 7 -14 7 -13 8 0 0 0 0 0 0 0 0 0 0 ]
CSI_DATA,AP,A4:CF:12:8F:B7:74,-50,11,1,6,1,1,1,1,0,0,0,-96,1,4,1,80056475,0,84,0,0,80.2289,384,[84 -64 4 0 0 0 0 0 0 0 0 0 -20 10 -21 10 -21 8 -22 8 -21 7 -21 7 -21 6 -21 6 -21 5 -21 5 -21 5 -20 4 -20 4 -20 4 -20 4 -20 3 -20 3 -19 3 -19 3 -18 3 -18 3 -18 3 -17 3 -17 4 -17 3 -17 4 0 0 -16 4 -16 4 -16 4 -15 5 -16 5 -15 5 -15 5 -15 6 -15 6 -14 6 -14 6 -14 7 -14 7 -14 7 -14 7 -14 8 -13 8 -13 8 -13 8 -13 8 -13 8 -13 9 -13 9 -12 9 -12 9 -12 9 0 0 0 0 0 0 0 0 0 0 ]
CSI_DATA,AP,A4:CF:12:8F:B7:74,-50,11,1,6,1,1,1,1,0,0,0,-96,1,4,1,80066377,0,84,0,0,80.2388,384,[84 -64 4 0 0 0 0 0 0 0 0 0 4 -22 4 -22 5 -22 6 -22 7 -21 7 -21 7 -20 8 -20 8 -20 8 -19 9 -20 9 -19 9 -18 9 -18 9 -18 9 -18 9 -17 8 -17 9 -17 9 -16 8 -16 8 -16 8 -16 8 -16 8 -16 7 -16 0 0 7 -15 6 -15 6 -15 6 -15 5 -15 5 -15 5 -15 5 -15 4 -15 4 -15 4 -16 3 -15 3 -15 3 -16 3 -15 3 -16 3 -15 2 -16 2 -16 2 -16 2 -16 1 -16 1 -16 1 -16 0 -16 1 -16 0 0 0 0 0 0 0 0 0 0 ]
CSI_DATA,AP,A4:CF:12:8F:B7:74,-50,11,1,6,1,1,1,1,0,0,0,-96,1,4,1,80076434,0,84,0,0,80.2489,384,[84 -64 4 0 0 0 0 0 0 0 0 0 10 22 10 22 9 22 8 22 8 22 7 22 6 22 6 22 6 22 5 22 4 22 4 22 3 21 3 21 3 21 4 21 3 20 3 20 3 20 3 20 3 19 3 19 3 18 3 18 3 18 4 18 0 0 4 17 5 17 4 17 5 16 5 16 5 16 5 16 6 15 6 15 6 16 7 15 7 15 7 15 7 15 8 14 8 14 9 14 9 14 9 14 9 13 9 13 10 13 9 13 10 13 10 13 10 13 0 0 0 0 0 0 0 0 0 0 ]
CSI_DATA,AP,A4:CF:12:8F:B7:74,-50,11,1,6,1,1,1,1,0,0,0,-96,1,4,1,80087671,0,84,0,0,80.2602,384,[84 -64 4 0 0 0 0 0 0 0 0 0 -18 13 -18 13 -18 12 -19 11 -19 11 -19 11 -19 11 -19 10 -19 10 -20 9 -19 8 -19 8 -19 7 -19 7 -19 7 -19 7 -18 7 -18 7 -17 7 -17 7 -17 6 -17 6 -17 6 -16 6 -16 6 -16 6 0 0 -15 7 -15 7 -14 7 -14 8 -14 7 -14 8 -13 8 -13 8 -13 8 -13 8 -13 8 -13 9 -12 9 -12 9 -12 10 -12 10 -12 10 -11 10 -11 11 -11 10 -11 10 -11 11 -11 11 -11 10 -11 11 -10 11 0 0 0 0 0 0 0 0 0 0 ]
CSI_DATA,AP,A4:CF:12:8F:B7:74,-50,11,1,6,1,1,1,1,0,0,0,-96,1,4,1,80097112,0,84,0,0,80.2695,384,[84 -64 4 0 0 0 0 0 0 0 0 0 14 -18 14 -17 15 -17 16 -16 16 -16 16 -15 16 -14 16 -13 17 -13 17 -13 17 -13 16 -12 16 -12 16 -12 16 -11 16 -11 16 -11 15 -11 15 -10 16 -10 15 -10 15 -10 14 -10 14 -10 14 -10 14 -10 0 0 13 -10 13 -10 12 -10 12 -11 12 -11 12 -11 11 -11 11 -11 11 -11 10 -12 10 -12 10 -12 10 -11 10 -12 10 -12 9 -13 9 -12 9 -13 9 -13 9 -13 9 -13 8 -13 8 -13 8 -14 8 -13 7 -13 0 0 0 0 0 0 0 0 0 0 ]
CSI_DATA,AP,A4:CF:12:8F:B7:74,-49,11,1,5,1,1,1,1,0,0,0,-96,1,4,1,80111146,0,84,0,0,80.2837,384,[84 -64 4 0 0 0 0 0 0 0 0 0 -21 4 -21 3 -22 2 -22 1 -22 1 -21 0 -21 0 -21 -1 -21 -1 -20 -1 -21 -1 -20 -2 -20 -2 -20 -2 -19 -2 -19 -2 -19 -2 -18 -2 -18 -2 -18 -3 -18 -3 -18 -3 -17 -2 -17 -2 -17 -2 -17 -1 0 0 -17 -1 -16 -1 -16 -1 -16 0 -16 0 -16 0 -16 0 -15 1 -15 1 -15 2 -15 2 -15 2 -15 3 -15 3 -15 3 -15 3 -15 3 -14 4 -15 4 -14 4 -14 4 -15 4 -14 5 -14 5 -14 5 -14 5 0 0 0 0 0 0 0 0 0 0 ]
CSI_DATA,AP,A4:CF:12:8F:B7:74,-49,11,1,5,1,1,1,1,0,0,0,-96,1,4,1,80116435,0,84,0,0,80.2904,384,[84 -64 4 0 0 0 0 0 0 0 0 0 1 24 1 24 0 24 -1 24 -2 24 -2 24 -3 23 -3 23 -4 23 -4 22 -4 22 -4 22 -5 22 -4 21 -5 21 -5 21 -5 20 -5 20 -4 20 -5 20 -5 19 -5 18 -4 18 -4 18 -4 18 -3 18 0 0 -3 18 -2 18 -2 17 -2 17 -2 17 -1 17 -1 17 -1 17 -1 17 0 16 1 17 1 16 1 16 2 17 2 16 2 17 2 16 3 16 3 17 3 16 3 16 3 16 4 16 5 16 5 16 5 16 0 0 0 0 0 0 0 0 0 0 ]
CSI_DATA,AP,A4:CF:12:8F:B7:74,-49,11,1,5,1,1,1,1,0,0,0,-96,1,4,1,80126239,0,84,0,0,80.2987,384,[84 -64 4 0 0 0 0 0 0 0 0 0 -17 -18 -17 -19 -16 -19 -16 -20 -15 -20 -15 -20 -14 -21 -13 -21 -13 -21 -12 -20 -12 -21 -12 -20 -11 -20 -11 -20 -11 -20 -11 -20 -10 -19 -10 -19 -10 -19 -9 -19 -9 -19 -10 -18 -9 -18 -10 -17 -10 -17 -10 -17 0 0 -10 -16 -10 -15 -11 -16 -11 -15 -11 -15 -11 -15 -11 -14 -11 -14 -11 -14 -12 -14 -12 -13 -12 -13 -13 -12 -13 -12 -13 -12 -13 -12 -13 -12 -14 -12 -13 -12 -14 -11 -14 -11 -14 -11 -14 -10 -15 -10 -15 -10 -14 -10 0 0 0 0 0 0 0 0 0 0 ]
CSI_DATA,AP,A4:CF:12:8F:B7:74,-49,11,1,5,1,1,1,1,0,0,0,-96,1,4,1,80136570,0,84,0,0,80.309,384,[84 -64 4 0 0 0 0 0 0 0 0 0 -15 20 -15 20 -16 19 -16 18 -17 18 -17 17 -17 16 -17 16 -18 16 -18 16 -18 15 -18 15 -18 14 -18 13 -18 13 -18 13 -17 13 -17 13 -17 12 -17 12 -16 12 -16 11 -16 11 -15 12 -15 12 -15 12 0 0 -15 12 -14 12 -14 12 -13 12 -13 12 -13 12 -13 12 -13 12 -12 12 -12 13 -11 13 -11 13 -11 13 -11 13 -11 13 -10 14 -10 14 -9 14 -10 14 -10 14 -9 14 -10 14 -9 15 -9 15 -8 15 -8 14 0 0 0 0 0 0 0 0 0 0 ]
CSI_DATA,AP,A4:CF:12:8F:B7:74,-49,11,1,5,1,1,1,1,0,0,0,-96,1,4,1,80145600,0,84,0,0,80.318,384,[84 -64 4 0 0 0 0 0 0 0 0 0 -3 -22 -3 -23 -2 -22 -2 -23 -1 -22 -1 -22 0 -22 0 -22 1 -22 1 -21 1 -21 2 -21 2 -21 2 -21 2 -20 2 -20 2 -20 2 -19 2 -19 2 -19 2 -19 2 -19 2 -18 1 -18 2 -18 1 -18 0 0 0 -17 0 -17 0 -17 -1 -17 -1 -16 -1 -17 -1 -16 -2 -16 -2 -16 -3 -16 -3 -16 -3 -16 -3 -16 -4 -16 -4 -16 -4 -16 -4 -16 -5 -15 -5 -15 -5 -15 -5 -15 -6 -15 -6 -15 -6 -15 -6 -15 -6 -15 0 0 0 0 0 0 0 0 0 0 ]
CSI_DATA,AP,A4:CF:12:8F:B7:74,-49,11,1,5,1,1,1,1,0,0,0,-96,1,4,1,80155413,0,84,0,0,80.3279,384,[84 -64 4 0 0 0 0 0 0 0 0 0 -16 15 -17 15 -17 14 -18 14 -18 13 -18 13 -18 12 -18 12 -19 11 -18 11 -18 11 -18 11 -18 10 -18 10 -18 9 -18 9 -17 9 -17 9 -17 8 -17 8 -16 8 -16 8 -16 8 -15 8 -15 8 -15 9 0 0 -14 9 -14 9 -14 9 -13 9 -13 9 -13 9 -13 9 -12 10 -12 10 -12 10 -12 11 -11 11 -11 11 -11 11 -11 11 -10 12 -10 12 -10 12 -10 12 -9 12 -9 12 -10 12 -9 12 -9 13 -8 13 -8 13 0 0 0 0 0 0 0 0 0 0 ]
